//Delimiter=;
Date-Time;0-Detail ID;1-MLF;2-Cavity;3-Temp at loading - SP, °C;4-Temp at loading - PV, °C;5-Temp at loading - LL, °C;6-Temp at loading - UL, °C;7-Temp at loading - Status, °C;8-Temp at Unloading - SP, °C;9-Temp at Unloading - PV, °C;10-Temp at Unloading - LL, °C;11-Temp at Unloading - UL, °C;12-Temp at Unloading - Status, °C;13-Temp 60s - PV, °C;14-Temp 30s  - PV, °C;15-Dewpoint - load - SP, °C;16-Dewpoint - load - PV, °C;17-Dewpoint - load - Lower, °C;18-Dewpoint - load - Upper, °C;19-Dewpoint - load - Status, °C;20-Dewpoint - unload - SP, °C;21-Dewpoint - unload - PV, °C;22-Dewpoint - unload - Lower, °C;23-Dewpoint - unload - Upper, °C;24-Dewpoint - unload - Status, °C;25-Dewpoint 60s - PV, °C;26-Dewpoint 30s  - PV, °C;27-Dewpoint Custom Time, Sec;28-Dewpoint Custom Time - SP, °C;29-Dewpoint Custom Time - PV, °C;30-Dewpoint Custom Time - LL, °C;31-Dewpoint Custom Time - UL, °C;32-Dewpoint Custom Time - Status;33-Soak time SP, s;34-Soak time PV, s;35-Soak time LL, s;36-Soak time UL, s;37-Soak time status;38-Dry Air Cons. Load, m³;39-Dry Air Cons. Unoad, m³;0-TB number;1-CavityNumber;2-HeatZone UL;3-HeatZone UC;4-HeatZone UR;5-HeatZone LL;6-HeatZone LC;7-HeatZone LR;8-Temp @ load - SP;9-Temp @ load - UL PV;10-Temp @ load - UC PV;11-Temp @ load - UR PV;12-Temp @ load - LL PV;13-Temp @ load - LC PV;14-Temp @ load - LR PV;15-Temp @ load - LL;16-Temp @ load - UL;17-Temp @ load - Status;18-Temp @ unload - SP;19-Temp @ unload - UL PV;20-Temp @ unload - UC PV;21-Temp @ unload - UR PV;22-Temp @ unload - LL PV;23-Temp @ unload - LC PV;24-Temp @ unload - LR PV;25-Temp @ unload - LL;26-Temp @ unload - UL;27-Temp @ unload - Status;28-Temp 60s before end - UL PV;29-Temp 60s before end - UC PV;30-Temp 60s before end - UR PV;31-Temp 60s before end - LL PV;32-Temp 60s before end - LC PV;33-Temp 60s before end - LR PV;34-Temp 30s before end - UL PV;35-Temp 30s before end - UC PV;36-Temp 30s before end - UR PV;37-Temp 30s before end - LL PV;38-Temp 30s before end - LC PV;39-Temp 30s before end - LR PV;40-CoolingFrame - UC1 - TempIn - PV;41-CoolingFrame - UC1 - TempIn - LL;42-CoolingFrame - UC1 - TempIn - UL;43-CoolingFrame - UC1 - TempIn - Status;44-CoolingFrame - UC1 - TempOut - PV;45-CoolingFrame - UC1 - TempOut - LL;46-CoolingFrame - UC1 - TempOut - UL;47-CoolingFrame - UC1 - TempOut - Status;48-CoolingFrame - UC1 - FlowOut - PV;49-CoolingFrame - UC1 - FlowOut - LL;50-CoolingFrame - UC1 - FlowOut - UL;51-CoolingFrame - UC1 - FlowOut - Status;52-CoolingFrame - UC2 - TempIn - PV;53-CoolingFrame - UC2 - TempIn - LL;54-CoolingFrame - UC2 - TempIn - UL;55-CoolingFrame - UC2 - TempIn - Status;56-CoolingFrame - UC2 - TempOut - PV;57-CoolingFrame - UC2 - TempOut - LL;58-CoolingFrame - UC2 - TempOut - UL;59-CoolingFrame - UC2 - TempOut - Status;60-CoolingFrame - UC2 - FlowOut - PV;61-CoolingFrame - UC2 - FlowOut - LL;62-CoolingFrame - UC2 - FlowOut - UL;63-CoolingFrame - UC2 - FlowOut - Status;64-CoolingFrame - LC1 - TempIn - PV;65-CoolingFrame - LC1 - TempIn - LL;66-CoolingFrame - LC1 - TempIn - UL;67-CoolingFrame - LC1 - TempIn - Status;68-CoolingFrame - LC1 - TempOut - PV;69-CoolingFrame - LC1 - TempOut - LL;70-CoolingFrame - LC1 - TempOut - UL;71-CoolingFrame - LC1 - TempOut - Status;72-CoolingFrame - LC1 - FlowOut - PV;73-CoolingFrame - LC1 - FlowOut - LL;74-CoolingFrame - LC1 - FlowOut - UL;75-CoolingFrame - LC1 - FlowOut - Status;76-CoolingFrame - LC2 - TempIn - PV;77-CoolingFrame - LC2 - TempIn - LL;78-CoolingFrame - LC2 - TempIn - UL;79-CoolingFrame - LC2 - TempIn - Status;80-CoolingFrame - LC2 - TempOut - PV;81-CoolingFrame - LC2 - TempOut - LL;82-CoolingFrame - LC2 - TempOut - UL;83-CoolingFrame - LC2 - TempOut - Status;84-CoolingFrame - LC2 - FlowOut - PV;85-CoolingFrame - LC2 - FlowOut - LL;86-CoolingFrame - LC2 - FlowOut - UL;87-CoolingFrame - LC2 - FlowOut - Status;88-SoakTime - SP;89-SoakTime - PV;90-SoakTime - LL;91-SoakTime - UL;92-Soaktime - Status;93-TimeinAir - MLF->TB, SP;94-TimeinAir - MLF->TB, PVt;95-TimeinAir - MLF->TB, LL;96-TimeinAir - MLF->TB, UL;97-TimeinAir - MLF->TB, Status;0-PYH DetailStatus;1-PYH Target °C;2-PYH  Act temp °C;3-PYH Lower limit °C;4-PYH Stop Limit °C;5-PYH Active;6-HA Active;7-HA Status;8-HA NumberOfDet;9-HA Target, °C;10-HA TempDet 1, °C;11-HA TempDet 2, °C;12-HA TempDet 3, °C;13-HA TempDet 4, °C;14-HA Lower Limit, °C;15-HA Stop Limit, °C;16-PA Active;17-PA Status;18-PA NumberOfDet;19-PA Target, %;20-PA PosDet 1, %;21-PA PosDet 2, %;22-PA PosDet 3, %;23-PA PosDet 4, %;24-PA Stop Limit, %;25-TT Active;26-TT Det1 Nr of AOI;27-TT Det2 Nr of AOI;28-TT Det3 Nr of AOI;29-TT Det4 Nr of AOI;30-TT Det1 AOI1 minTemp;31-TT Det1 AOI1 maxTemp;32-TT Det1 AOI2 minTemp;33-TT Det1 AOI2 maxTemp;34-TT Det1 AOI3 minTemp;35-TT Det1 AOI3 maxTemp;36-TT Det1 AOI4 minTemp;37-TT Det1 AOI4 maxTemp;38-TT Det2 AOI1 minTemp;39-TT Det2 AOI1 maxTemp;40-TT Det2 AOI2 minTemp;41-TT Det2 AOI2 maxTemp;42-TT Det2 AOI3 minTemp;43-TT Det2 AOI3 maxTemp;44-TT Det2 AOI4 minTemp;45-TT Det2 AOI4 maxTemp;46-TT Det3 AOI1 minTemp;47-TT Det3 AOI1 maxTemp;48-TT Det3 AOI2 minTemp;49-TT Det3 AOI2 maxTemp;50-TT Det3 AOI3 minTemp;51-TT Det3 AOI3 maxTemp;52-TT Det3 AOI4 minTemp;53-TT Det3 AOI4 maxTemp;54-TT Det4 AOI1 minTemp;55-TT Det4 AOI1 maxTemp;56-TT Det4 AOI2 minTemp;57-TT Det4 AOI2 maxTemp;58-TT Det4 AOI3 minTemp;59-TT Det4 AOI3 maxTemp;60-TT Det4 AOI4 minTemp;61-TT Det4 AOI4 maxTemp;62-TT Det1 AOI1 LL;63-TT Det1 AOI1 UL;64-TT Det1 AOI2 LL;65-TT Det1 AOI2 UL;66-TT Det1 AOI3 LL;67-TT Det1 AOI3 UL;68-TT Det1 AOI4 LL;69-TT Det1 AOI4 UL;70-TT Det2 AOI1 LL;71-TT Det2 AOI1 UL;72-TT Det2 AOI2 LL;73-TT Det2 AOI2 UL;74-TT Det2 AOI3 LL;75-TT Det2 AOI3 UL;76-TT Det2 AOI4 LL;77-TT Det2 AOI4 UL;78-TT Det3 AOI1 LL;79-TT Det3 AOI1 UL;80-TT Det3 AOI2 LL;81-TT Det3 AOI2 UL;82-TT Det3 AOI3 LL;83-TT Det3 AOI3 UL;84-TT Det3 AOI4 LL;85-TT Det3 AOI4 UL;86-TT Det4 AOI1 LL;87-TT Det4 AOI1 UL;88-TT Det4 AOI2 LL;89-TT Det4 AOI2 UL;90-TT Det4 AOI3 LL;91-TT Det4 AOI3 UL;92-TT Det4 AOI4 LL;93-TT Det4 AOI4 UL;94-Cam trig Min;95-Cam trig Sec;0-CoolingTempUpper 1-A10.32, SP;1-CoolingTempUpper 1-A10.32, PV;2-CoolingTempUpper 1-A10.32, LL;3-CoolingTempUpper 1-A10.32, UL;4-CoolingTempUpper 1-A10.34, SP;5-CoolingTempUpper 1-A10.34, PV;6-CoolingTempUpper 1-A10.34, LL;7-CoolingTempUpper 1-A10.34, UL;8-CoolingTempUpper 1-A10.42, SP;9-CoolingTempUpper 1-A10.42, PV;10-CoolingTempUpper 1-A10.42, LL;11-CoolingTempUpper 1-A10.42, UL;12-CoolingTempUpper 1-A10.44, SP;13-CoolingTempUpper 1-A10.44, PV;14-CoolingTempUpper 1-A10.44, LL;15-CoolingTempUpper 1-A10.44, UL;16-CoolingFlowUpper 1-A10.32, SP;17-CoolingFlowUpper 1-A10.32, PV;18-CoolingFlowUpper 1-A10.32, LL;19-CoolingFlowUpper 1-A10.32, UL;20-CoolingFlowUpper 1-A10.34, SP;21-CoolingFlowUpper 1-A10.34, PV;22-CoolingFlowUpper 1-A10.34, LL;23-CoolingFlowUpper 1-A10.34, UL;24-CoolingFlowUpper 1-A10.42, SP;25-CoolingFlowUpper 1-A10.42, PV;26-CoolingFlowUpper 1-A10.42, LL;27-CoolingFlowUpper 1-A10.42, UL;28-CoolingFlowUpper 1-A10.44, SP;29-CoolingFlowUpper 1-A10.44, PV;30-CoolingFlowUpper 1-A10.44, LL;31-CoolingFlowUpper 1-A10.44, UL;32-CoolingTempLower 1-A10.12, SP;33-CoolingTempLower 1-A10.12, PV;34-CoolingTempLower 1-A10.12, LL;35-CoolingTempLower 1-A10.12, UL;36-CoolingTempLower 1-A10.14, SP;37-CoolingTempLower 1-A10.14, PV;38-CoolingTempLower 1-A10.14, LL;39-CoolingTempLower 1-A10.14, UL;40-CoolingTempLower 1-A10.22, SP;41-CoolingTempLower 1-A10.22, PV;42-CoolingTempLower 1-A10.22, LL;43-CoolingTempLower 1-A10.22, UL;44-CoolingTempLower 1-A10.24, SP;45-CoolingTempLower 1-A10.24, PV;46-CoolingTempLower 1-A10.24, LL;47-CoolingTempLower 1-A10.24, UL;48-CoolingFlowLower 1-A10.12, SP;49-CoolingFlowLower 1-A10.12, PV;50-CoolingFlowLower 1-A10.12, LL;51-CoolingFlowLower 1-A10.12, UL;52-CoolingFlowLower 1-A10.14, SP;53-CoolingFlowLower 1-A10.14, PV;54-CoolingFlowLower 1-A10.14, LL;55-CoolingFlowLower 1-A10.14, UL;56-CoolingFlowLower 1-A10.22, SP;57-CoolingFlowLower 1-A10.22, PV;58-CoolingFlowLower 1-A10.22, LL;59-CoolingFlowLower 1-A10.22, UL;60-CoolingFlowLower 1-A10.24, SP;61-CoolingFlowLower 1-A10.24, PV;62-CoolingFlowLower 1-A10.24, LL;63-CoolingFlowLower 1-A10.24, UL;64-CoolingPressureUpper 1-A10.33, SP;65-CoolingPressureUpper 1-A10.33, PV;66-CoolingPressureUpper 1-A10.33, LL;67-CoolingPressureUpper 1-A10.33, UL;68-CoolingPressureUpper 1-A10.35, SP;69-CoolingPressureUpper 1-A10.35, PV;70-CoolingPressureUpper 1-A10.35, LL;71-CoolingPressureUpper 1-A10.35, UL;72-CoolingPressureUpper 1-A10.43, SP;73-CoolingPressureUpper 1-A10.43, PV;74-CoolingPressureUpper 1-A10.43, LL;75-CoolingPressureUpper 1-A10.43, UL;76-CoolingPressureUpper 1-A10.45, SP;77-CoolingPressureUpper 1-A10.45, PV;78-CoolingPressureUpper 1-A10.45, LL;79-CoolingPressureUpper 1-A10.45, UL;80-CoolingPressureLower 1-A10.13, SP;81-CoolingPressureLower 1-A10.13, PV;82-CoolingPressureLower 1-A10.13, LL;83-CoolingPressureLower 1-A10.13, UL;84-CoolingPressureLower 1-A10.15, SP;85-CoolingPressureLower 1-A10.15, PV;86-CoolingPressureLower 1-A10.15, LL;87-CoolingPressureLower 1-A10.15, UL;88-CoolingPressureLower 1-A10.23, SP;89-CoolingPressureLower 1-A10.23, PV;90-CoolingPressureLower 1-A10.23, LL;91-CoolingPressureLower 1-A10.23, UL;92-CoolingPressureLower 1-A10.25, SP;93-CoolingPressureLower 1-A10.25, PV;94-CoolingPressureLower 1-A10.25, LL;95-CoolingPressureLower 1-A10.25, UL;96-CoolingTemp Status;97-CoolingFlowStatus;98-CoolingPressureStatus;99-Press force, SP;100-Press force, PV;101-Press force, LL;102-Press force, UL;103-Press force, Status;104-Dwell time, SP;105-Dwell time, PV;106-Dwell time, LL;107-Dwell time, UL;108-Dwell time, Status;109-Closing time, SP;110-Closing time, PV;111-Closing time, LL;112-Closing time, UL;113-Closing time, Status;114-TimeinAir MLF/TB -> Press, SP;115-TimeinAir MLF/TB -> Press, PVt;116-TimeinAir MLF/TB -> Press, LL;117-TimeinAir MLF/TB -> Press, UL;118-TimeinAir MLF/TB -> Press, Status;0-PYC Status;1-PYC Target, °C;2-PYC Act temp °C;3-PYC Upper Limit, °C;4-PYC  Active;5-CA Active;6-CA Cold Status;7-CA NumberOfDet;8-CA Target, °C;9-CA TempDet 1, °C;10-CA TempDet 2, °C;11-CA TempDet 3, °C;12-CA TempDet 4, °C;13-CA LimitScrap °C;Recipe MLF;Recipe IPM;Recipe Pr1
20260328_23:12:11;23190;1;2;945;941.4;920;970;OK;945;945.8;920;970;OK;946.8;945.8;-20;-20.4;-50;-25;NOK;-20;-21.4;-50;-25;NOK;-22.1;-21.9;0;-20;-20.4;-50;-25;NOK;310;312;310;600;OK;0;0;N/A;N/A;N/A;N/A;N/A;N/A;N/A;N/A;N/A;N/A;N/A;N/A;N/A;N/A;N/A;N/A;N/A;N/A;N/A;N/A;N/A;N/A;N/A;N/A;N/A;N/A;N/A;N/A;N/A;N/A;N/A;N/A;N/A;N/A;N/A;N/A;N/A;N/A;N/A;N/A;N/A;N/A;N/A;N/A;N/A;N/A;N/A;N/A;N/A;N/A;N/A;N/A;N/A;N/A;N/A;N/A;N/A;N/A;N/A;N/A;N/A;N/A;N/A;N/A;N/A;N/A;N/A;N/A;N/A;N/A;N/A;N/A;N/A;N/A;N/A;N/A;N/A;N/A;N/A;N/A;N/A;N/A;N/A;N/A;N/A;N/A;N/A;N/A;N/A;N/A;N/A;N/A;N/A;N/A;N/A;N/A;N/A;N/A;;0;601.4;0;0;;Disabled;TempStop;2;740;448.6;464.9;0;0;599.9;549.9;Enabled;PosNotOk;2;0;85.8;8.5;0;0;15;Disabled;0;0;0;0;0;0;0;0;0;0;0;0;0;0;0;0;0;0;0;0;0;0;0;0;0;0;0;0;0;0;0;0;0;0;0;0;0;0;0;0;0;0;0;0;0;0;0;0;0;0;0;0;0;0;0;0;0;0;0;0;0;0;0;0;0;0;0;0;0;0;;;;;;;;;;;;;;;;;;;;;;;;;;;;;;;;;;;;;;;;;;;;;;;;;;;;;;;;;;;;;;;;;;;;;;;;;;;;;;;;;;;;;;;;;;;;;;;;;;;;;;;;;;;;;;;;;;;;;;;;;;;;;;;;;;;;;;441064700 vw 001;441064700 vw 001;;
20260328_23:15:30;23197;4;1;945;942.1;920;970;OK;945;945.5;920;970;OK;947.2;946.3;-15;-14.8;-50;-5;OK;-15;-14.9;-50;-5;OK;-14.8;-14.3;0;-15;-14.8;-50;-5;OK;330;489;330;600;OK;227.59;228.24;N/A;N/A;N/A;N/A;N/A;N/A;N/A;N/A;N/A;N/A;N/A;N/A;N/A;N/A;N/A;N/A;N/A;N/A;N/A;N/A;N/A;N/A;N/A;N/A;N/A;N/A;N/A;N/A;N/A;N/A;N/A;N/A;N/A;N/A;N/A;N/A;N/A;N/A;N/A;N/A;N/A;N/A;N/A;N/A;N/A;N/A;N/A;N/A;N/A;N/A;N/A;N/A;N/A;N/A;N/A;N/A;N/A;N/A;N/A;N/A;N/A;N/A;N/A;N/A;N/A;N/A;N/A;N/A;N/A;N/A;N/A;N/A;N/A;N/A;N/A;N/A;N/A;N/A;N/A;N/A;N/A;N/A;N/A;N/A;N/A;N/A;N/A;N/A;N/A;N/A;N/A;N/A;N/A;N/A;N/A;N/A;N/A;N/A;;0;611.4;0;0;;Disabled;TempStop;2;740;469.9;480.7;0;0;599.9;549.9;Disabled;PosOk;2;0;0.3;8;0;0;15;Disabled;0;0;0;0;0;0;0;0;0;0;0;0;0;0;0;0;0;0;0;0;0;0;0;0;0;0;0;0;0;0;0;0;0;0;0;0;0;0;0;0;0;0;0;0;0;0;0;0;0;0;0;0;0;0;0;0;0;0;0;0;0;0;0;0;0;0;0;0;0;0;30;30;20;45;30;29;20;45;30;30;20;45;30;29;20;45;200;124;100;300;200;122;100;300;200;117;100;300;200;118;100;300;30;32;20;45;30;29;20;45;30;31;20;45;30;29;20;45;200;123;100;300;200;121;100;300;200;130;100;300;200;130;100;300;4;2;0.4;6;4;6;0.4;6;4;2;0.4;6;4;5;0.4;6;4;2;0.4;6;4;6;0.4;6;4;2;0.4;6;4;6;0.4;6;NOK;NOK;OK;8000;8025;7500;9000;OK;8.86;0;8;12;NOK;N/A;2.04;N/A;N/A;N/A;9;10.8;6;15;OK;;0;0;0;-;Disabled;TempOk;2;230;200.3;167.5;0;0;349.9;441064700 vw 001;441064700 vw 001;441064700 VW 001
20260328_23:21:11;23199;1;2;945;942.3;930;960;OK;945;946.1;930;960;OK;947.7;946.8;-20;-18.4;-50;-25;NOK;-20;-20.5;-50;-25;NOK;-20.7;-20.6;0;-20;-18.5;-50;-25;NOK;310;331;310;600;OK;0;0;N/A;N/A;N/A;N/A;N/A;N/A;N/A;N/A;N/A;N/A;N/A;N/A;N/A;N/A;N/A;N/A;N/A;N/A;N/A;N/A;N/A;N/A;N/A;N/A;N/A;N/A;N/A;N/A;N/A;N/A;N/A;N/A;N/A;N/A;N/A;N/A;N/A;N/A;N/A;N/A;N/A;N/A;N/A;N/A;N/A;N/A;N/A;N/A;N/A;N/A;N/A;N/A;N/A;N/A;N/A;N/A;N/A;N/A;N/A;N/A;N/A;N/A;N/A;N/A;N/A;N/A;N/A;N/A;N/A;N/A;N/A;N/A;N/A;N/A;N/A;N/A;N/A;N/A;N/A;N/A;N/A;N/A;N/A;N/A;N/A;N/A;N/A;N/A;N/A;N/A;N/A;N/A;N/A;N/A;N/A;N/A;N/A;N/A;;0;602;0;0;;Disabled;TempStop;2;740;462.1;469.7;0;0;599.9;549.9;Enabled;PosOk;2;0;2.5;11.1;0;0;15;Disabled;0;0;0;0;0;0;0;0;0;0;0;0;0;0;0;0;0;0;0;0;0;0;0;0;0;0;0;0;0;0;0;0;0;0;0;0;0;0;0;0;0;0;0;0;0;0;0;0;0;0;0;0;0;0;0;0;0;0;0;0;0;0;0;0;0;0;0;0;0;0;30;30;20;45;30;30;20;45;30;30;20;45;30;30;20;45;200;123;100;300;200;122;100;300;200;117;100;300;200;117;100;300;30;32;20;45;30;30;20;45;30;32;20;45;30;30;20;45;200;123;100;300;200;121;100;300;200;130;100;300;200;131;100;300;4;2;0.4;6;4;5;0.4;6;4;2;0.4;6;4;5;0.4;6;4;2;0.4;6;4;6;0.4;6;4;2;0.4;6;4;6;0.4;6;NOK;NOK;OK;8000;8030;7500;9000;OK;8.93;0;8;12;NOK;N/A;2.04;N/A;N/A;N/A;9;10.9;6;15;OK;;0;0;0;-;Disabled;TempOk;2;230;185.3;159.9;0;0;349.9;441064700 vw 001;441064700 vw 001;441064700 VW 001
20260328_23:21:30;23200;2;2;945;941.6;930;960;OK;945;944.8;930;960;OK;944.6;944.8;-15;-80.1;-50;-20;OK;-15;-31.6;-50;-20;OK;-27.7;-29.1;0;-15;-80;-50;-20;OK;310;335;310;600;OK;0;0;N/A;N/A;N/A;N/A;N/A;N/A;N/A;N/A;N/A;N/A;N/A;N/A;N/A;N/A;N/A;N/A;N/A;N/A;N/A;N/A;N/A;N/A;N/A;N/A;N/A;N/A;N/A;N/A;N/A;N/A;N/A;N/A;N/A;N/A;N/A;N/A;N/A;N/A;N/A;N/A;N/A;N/A;N/A;N/A;N/A;N/A;N/A;N/A;N/A;N/A;N/A;N/A;N/A;N/A;N/A;N/A;N/A;N/A;N/A;N/A;N/A;N/A;N/A;N/A;N/A;N/A;N/A;N/A;N/A;N/A;N/A;N/A;N/A;N/A;N/A;N/A;N/A;N/A;N/A;N/A;N/A;N/A;N/A;N/A;N/A;N/A;N/A;N/A;N/A;N/A;N/A;N/A;N/A;N/A;N/A;N/A;N/A;N/A;;0;610.2;0;0;;Disabled;TempStop;2;740;469.1;478.8;0;0;599.9;549.9;Enabled;PosOk;2;0;2.5;11.1;0;0;15;Disabled;0;0;0;0;0;0;0;0;0;0;0;0;0;0;0;0;0;0;0;0;0;0;0;0;0;0;0;0;0;0;0;0;0;0;0;0;0;0;0;0;0;0;0;0;0;0;0;0;0;0;0;0;0;0;0;0;0;0;0;0;0;0;0;0;0;0;0;0;0;0;30;32;20;45;30;30;20;45;30;32;20;45;30;30;20;45;200;123;100;300;200;122;100;300;200;118;100;300;200;117;100;300;30;34;20;45;30;30;20;45;30;33;20;45;30;30;20;45;200;123;100;300;200;121;100;300;200;130;100;300;200;131;100;300;4;2;0.4;6;4;5;0.4;6;4;2;0.4;6;4;5;0.4;6;4;2;0.4;6;4;6;0.4;6;4;2;0.4;6;4;5;0.4;6;NOK;NOK;OK;8000;8026;7500;9000;OK;8.94;0;8;12;NOK;N/A;2.04;N/A;N/A;N/A;9;10.8;6;15;OK;;0;0;0;-;Disabled;TempOk;2;230;245.3;210.1;0;0;349.9;441064700 vw 001;441064700 vw 001;441064700 VW 001
20260328_23:29:36;23203;4;1;945;940.9;930;960;OK;945;951.3;930;960;OK;949.4;951.2;-15;-12.6;-50;-5;OK;-15;-13.4;-50;-5;OK;-18.8;-16;0;-15;-12.7;-50;-5;OK;310;312;310;600;OK;228.93;229.31;N/A;N/A;N/A;N/A;N/A;N/A;N/A;N/A;N/A;N/A;N/A;N/A;N/A;N/A;N/A;N/A;N/A;N/A;N/A;N/A;N/A;N/A;N/A;N/A;N/A;N/A;N/A;N/A;N/A;N/A;N/A;N/A;N/A;N/A;N/A;N/A;N/A;N/A;N/A;N/A;N/A;N/A;N/A;N/A;N/A;N/A;N/A;N/A;N/A;N/A;N/A;N/A;N/A;N/A;N/A;N/A;N/A;N/A;N/A;N/A;N/A;N/A;N/A;N/A;N/A;N/A;N/A;N/A;N/A;N/A;N/A;N/A;N/A;N/A;N/A;N/A;N/A;N/A;N/A;N/A;N/A;N/A;N/A;N/A;N/A;N/A;N/A;N/A;N/A;N/A;N/A;N/A;N/A;N/A;N/A;N/A;N/A;N/A;;0;605.3;0;0;;Disabled;TempStop;2;740;464.9;474.1;0;0;599.9;549.9;Enabled;PosOk;2;0;1.8;8;0;0;15;Disabled;0;0;0;0;0;0;0;0;0;0;0;0;0;0;0;0;0;0;0;0;0;0;0;0;0;0;0;0;0;0;0;0;0;0;0;0;0;0;0;0;0;0;0;0;0;0;0;0;0;0;0;0;0;0;0;0;0;0;0;0;0;0;0;0;0;0;0;0;0;0;30;30;20;45;30;30;20;45;30;30;20;45;30;30;20;45;200;124;100;300;200;122;100;300;200;117;100;300;200;117;100;300;30;32;20;45;30;30;20;45;30;31;20;45;30;30;20;45;200;122;100;300;200;121;100;300;200;130;100;300;200;131;100;300;4;2;0.4;6;4;6;0.4;6;4;2;0.4;6;4;5;0.4;6;4;2;0.4;6;4;6;0.4;6;4;2;0.4;6;4;5;0.4;6;NOK;NOK;OK;8000;8023;7500;9000;OK;8.92;0;8;12;NOK;N/A;2.04;N/A;N/A;N/A;9;10.9;6;15;OK;;0;0;0;-;Disabled;TempOk;2;230;200;160.7;0;0;349.9;441064700 vw 001;441064700 vw 001;441064700 VW 001
20260328_23:29:40;23202;1;2;945;942.4;930;960;OK;945;946.4;930;960;OK;948.1;947.4;-20;-17.8;-50;-25;NOK;-20;-20.4;-50;-25;NOK;-20.9;-20.8;0;-20;-17.9;-50;-25;NOK;310;345;310;600;OK;0;0;N/A;N/A;N/A;N/A;N/A;N/A;N/A;N/A;N/A;N/A;N/A;N/A;N/A;N/A;N/A;N/A;N/A;N/A;N/A;N/A;N/A;N/A;N/A;N/A;N/A;N/A;N/A;N/A;N/A;N/A;N/A;N/A;N/A;N/A;N/A;N/A;N/A;N/A;N/A;N/A;N/A;N/A;N/A;N/A;N/A;N/A;N/A;N/A;N/A;N/A;N/A;N/A;N/A;N/A;N/A;N/A;N/A;N/A;N/A;N/A;N/A;N/A;N/A;N/A;N/A;N/A;N/A;N/A;N/A;N/A;N/A;N/A;N/A;N/A;N/A;N/A;N/A;N/A;N/A;N/A;N/A;N/A;N/A;N/A;N/A;N/A;N/A;N/A;N/A;N/A;N/A;N/A;N/A;N/A;N/A;N/A;N/A;N/A;;0;601.1;0;0;;Disabled;TempStop;2;740;469.5;474.8;0;0;599.9;549.9;Enabled;PosNotOk;2;0;0.9;16.6;0;0;15;Disabled;0;0;0;0;0;0;0;0;0;0;0;0;0;0;0;0;0;0;0;0;0;0;0;0;0;0;0;0;0;0;0;0;0;0;0;0;0;0;0;0;0;0;0;0;0;0;0;0;0;0;0;0;0;0;0;0;0;0;0;0;0;0;0;0;0;0;0;0;0;0;;;;;;;;;;;;;;;;;;;;;;;;;;;;;;;;;;;;;;;;;;;;;;;;;;;;;;;;;;;;;;;;;;;;;;;;;;;;;;;;;;;;;;;;;;;;;;;;;;;;;;;;;;;;;;;;;;;;;;;;;;;;;;;;;;;;;;441064700 vw 001;441064700 vw 001;;
20260328_23:33:36;23205;2;2;945;941.3;930;960;OK;945;945.1;930;960;OK;944.6;945.1;-15;-25.4;-50;-20;OK;-15;-41.8;-50;-20;OK;-27.3;-29.3;0;-15;-25.6;-50;-20;OK;310;514;310;600;OK;0;0;N/A;N/A;N/A;N/A;N/A;N/A;N/A;N/A;N/A;N/A;N/A;N/A;N/A;N/A;N/A;N/A;N/A;N/A;N/A;N/A;N/A;N/A;N/A;N/A;N/A;N/A;N/A;N/A;N/A;N/A;N/A;N/A;N/A;N/A;N/A;N/A;N/A;N/A;N/A;N/A;N/A;N/A;N/A;N/A;N/A;N/A;N/A;N/A;N/A;N/A;N/A;N/A;N/A;N/A;N/A;N/A;N/A;N/A;N/A;N/A;N/A;N/A;N/A;N/A;N/A;N/A;N/A;N/A;N/A;N/A;N/A;N/A;N/A;N/A;N/A;N/A;N/A;N/A;N/A;N/A;N/A;N/A;N/A;N/A;N/A;N/A;N/A;N/A;N/A;N/A;N/A;N/A;N/A;N/A;N/A;N/A;N/A;N/A;;0;618.4;0;0;;Disabled;TempStop;2;740;478;478.6;0;0;599.9;549.9;Enabled;PosOk;2;0;0;8;0;0;15;Disabled;0;0;0;0;0;0;0;0;0;0;0;0;0;0;0;0;0;0;0;0;0;0;0;0;0;0;0;0;0;0;0;0;0;0;0;0;0;0;0;0;0;0;0;0;0;0;0;0;0;0;0;0;0;0;0;0;0;0;0;0;0;0;0;0;0;0;0;0;0;0;30;29;20;45;30;30;20;45;30;29;20;45;30;30;20;45;200;123;100;300;200;122;100;300;200;117;100;300;200;118;100;300;30;31;20;45;30;30;20;45;30;31;20;45;30;30;20;45;200;123;100;300;200;122;100;300;200;130;100;300;200;131;100;300;4;2;0.4;6;4;5;0.4;6;4;2;0.4;6;4;5;0.4;6;4;2;0.4;6;4;5;0.4;6;4;2;0.4;6;4;6;0.4;6;NOK;NOK;OK;8000;8018;7500;9000;OK;8.91;0;8;12;NOK;N/A;2.04;N/A;N/A;N/A;9;10.7;6;15;OK;;0;0;0;-;Disabled;TempOk;2;230;196.9;166.9;0;0;349.9;441064700 vw 001;441064700 vw 001;441064700 VW 001
20260328_23:33:55;23204;3;2;945;941.7;930;960;OK;945;946.1;930;960;OK;946.9;945.9;-20;-56;-50;-25;OK;-20;-38.1;-50;-25;OK;-28.5;-29.9;0;-20;-56;-50;-25;OK;310;549;310;600;OK;0;0;N/A;N/A;N/A;N/A;N/A;N/A;N/A;N/A;N/A;N/A;N/A;N/A;N/A;N/A;N/A;N/A;N/A;N/A;N/A;N/A;N/A;N/A;N/A;N/A;N/A;N/A;N/A;N/A;N/A;N/A;N/A;N/A;N/A;N/A;N/A;N/A;N/A;N/A;N/A;N/A;N/A;N/A;N/A;N/A;N/A;N/A;N/A;N/A;N/A;N/A;N/A;N/A;N/A;N/A;N/A;N/A;N/A;N/A;N/A;N/A;N/A;N/A;N/A;N/A;N/A;N/A;N/A;N/A;N/A;N/A;N/A;N/A;N/A;N/A;N/A;N/A;N/A;N/A;N/A;N/A;N/A;N/A;N/A;N/A;N/A;N/A;N/A;N/A;N/A;N/A;N/A;N/A;N/A;N/A;N/A;N/A;N/A;N/A;;0;613.4;0;0;;Disabled;TempStop;2;740;477;481.5;0;0;599.9;549.9;Enabled;PosOk;2;0;0;7.6;0;0;15;Disabled;0;0;0;0;0;0;0;0;0;0;0;0;0;0;0;0;0;0;0;0;0;0;0;0;0;0;0;0;0;0;0;0;0;0;0;0;0;0;0;0;0;0;0;0;0;0;0;0;0;0;0;0;0;0;0;0;0;0;0;0;0;0;0;0;0;0;0;0;0;0;30;32;20;45;30;30;20;45;30;32;20;45;30;30;20;45;200;123;100;300;200;122;100;300;200;118;100;300;200;118;100;300;30;33;20;45;30;30;20;45;30;33;20;45;30;30;20;45;200;123;100;300;200;122;100;300;200;130;100;300;200;131;100;300;4;2;0.4;6;4;5;0.4;6;4;2;0.4;6;4;5;0.4;6;4;2;0.4;6;4;6;0.4;6;4;2;0.4;6;4;5;0.4;6;NOK;NOK;OK;8000;8024;7500;9000;OK;8.93;0;8;12;NOK;N/A;2.04;N/A;N/A;N/A;9;11;6;15;OK;;0;0;0;-;Disabled;TempOk;2;230;227.2;200.5;0;0;349.9;441064700 vw 001;441064700 vw 001;441064700 VW 001
20260328_23:34:15;23207;4;2;945;945.1;930;960;OK;945;945.9;930;960;OK;950.2;950.2;-15;-13.8;-50;-5;OK;-15;-14.3;-50;-5;OK;-18.5;-18.2;0;-15;-13.7;-50;-5;OK;310;516;310;600;OK;229.05;229.54;N/A;N/A;N/A;N/A;N/A;N/A;N/A;N/A;N/A;N/A;N/A;N/A;N/A;N/A;N/A;N/A;N/A;N/A;N/A;N/A;N/A;N/A;N/A;N/A;N/A;N/A;N/A;N/A;N/A;N/A;N/A;N/A;N/A;N/A;N/A;N/A;N/A;N/A;N/A;N/A;N/A;N/A;N/A;N/A;N/A;N/A;N/A;N/A;N/A;N/A;N/A;N/A;N/A;N/A;N/A;N/A;N/A;N/A;N/A;N/A;N/A;N/A;N/A;N/A;N/A;N/A;N/A;N/A;N/A;N/A;N/A;N/A;N/A;N/A;N/A;N/A;N/A;N/A;N/A;N/A;N/A;N/A;N/A;N/A;N/A;N/A;N/A;N/A;N/A;N/A;N/A;N/A;N/A;N/A;N/A;N/A;N/A;N/A;;0;603.2;0;0;;Disabled;TempStop;2;740;474.7;480.1;0;0;599.9;549.9;Enabled;PosOk;2;0;0;6.6;0;0;15;Disabled;0;0;0;0;0;0;0;0;0;0;0;0;0;0;0;0;0;0;0;0;0;0;0;0;0;0;0;0;0;0;0;0;0;0;0;0;0;0;0;0;0;0;0;0;0;0;0;0;0;0;0;0;0;0;0;0;0;0;0;0;0;0;0;0;0;0;0;0;0;0;30;33;20;45;30;30;20;45;30;33;20;45;30;30;20;45;200;124;100;300;200;122;100;300;200;117;100;300;200;118;100;300;30;34;20;45;30;30;20;45;30;33;20;45;30;30;20;45;200;122;100;300;200;121;100;300;200;130;100;300;200;130;100;300;4;2;0.4;6;4;5;0.4;6;4;2;0.4;6;4;5;0.4;6;4;2;0.4;6;4;6;0.4;6;4;2;0.4;6;4;5;0.4;6;NOK;NOK;OK;8000;8025;7500;9000;OK;8.94;0;8;12;NOK;N/A;2.04;N/A;N/A;N/A;9;10.9;6;15;OK;;0;0;0;-;Disabled;TempOk;2;230;242.9;218.8;0;0;349.9;441064700 vw 001;441064700 vw 001;441064700 VW 001
20260328_23:34:34;23206;1;3;945;941.3;930;960;OK;945;948;930;960;OK;948.6;947.6;-20;-18.8;-50;-25;NOK;-20;-22.3;-50;-25;NOK;-22.5;-22.6;0;-20;-18.6;-50;-25;NOK;310;549;310;600;OK;0;0;N/A;N/A;N/A;N/A;N/A;N/A;N/A;N/A;N/A;N/A;N/A;N/A;N/A;N/A;N/A;N/A;N/A;N/A;N/A;N/A;N/A;N/A;N/A;N/A;N/A;N/A;N/A;N/A;N/A;N/A;N/A;N/A;N/A;N/A;N/A;N/A;N/A;N/A;N/A;N/A;N/A;N/A;N/A;N/A;N/A;N/A;N/A;N/A;N/A;N/A;N/A;N/A;N/A;N/A;N/A;N/A;N/A;N/A;N/A;N/A;N/A;N/A;N/A;N/A;N/A;N/A;N/A;N/A;N/A;N/A;N/A;N/A;N/A;N/A;N/A;N/A;N/A;N/A;N/A;N/A;N/A;N/A;N/A;N/A;N/A;N/A;N/A;N/A;N/A;N/A;N/A;N/A;N/A;N/A;N/A;N/A;N/A;N/A;;0;591.3;0;0;;Disabled;TempStop;2;740;452.7;458.4;0;0;599.9;549.9;Enabled;PosOk;2;0;0;7.3;0;0;15;Disabled;0;0;0;0;0;0;0;0;0;0;0;0;0;0;0;0;0;0;0;0;0;0;0;0;0;0;0;0;0;0;0;0;0;0;0;0;0;0;0;0;0;0;0;0;0;0;0;0;0;0;0;0;0;0;0;0;0;0;0;0;0;0;0;0;0;0;0;0;0;0;30;33;20;45;30;30;20;45;30;33;20;45;30;30;20;45;200;124;100;300;200;122;100;300;200;118;100;300;200;117;100;300;30;34;20;45;30;30;20;45;30;34;20;45;30;30;20;45;200;122;100;300;200;121;100;300;200;130;100;300;200;131;100;300;4;2;0.4;6;4;5;0.4;6;4;2;0.4;6;4;5;0.4;6;4;2;0.4;6;4;6;0.4;6;4;2;0.4;6;4;5;0.4;6;NOK;NOK;OK;8000;8014;7500;9000;OK;8.93;0;8;12;NOK;N/A;2.04;N/A;N/A;N/A;9;10.9;6;15;OK;;0;0;0;-;Disabled;TempOk;2;230;243.6;227.1;0;0;349.9;441064700 vw 001;441064700 vw 001;441064700 VW 001
20260328_23:34:53;23209;4;3;945;944.1;930;960;OK;945;946.9;930;960;OK;948.9;948.3;-15;-18.9;-50;-5;OK;-15;-18.7;-50;-5;OK;-19.6;-18.1;0;-15;-18.8;-50;-5;OK;310;517;310;600;OK;229.12;229.58;N/A;N/A;N/A;N/A;N/A;N/A;N/A;N/A;N/A;N/A;N/A;N/A;N/A;N/A;N/A;N/A;N/A;N/A;N/A;N/A;N/A;N/A;N/A;N/A;N/A;N/A;N/A;N/A;N/A;N/A;N/A;N/A;N/A;N/A;N/A;N/A;N/A;N/A;N/A;N/A;N/A;N/A;N/A;N/A;N/A;N/A;N/A;N/A;N/A;N/A;N/A;N/A;N/A;N/A;N/A;N/A;N/A;N/A;N/A;N/A;N/A;N/A;N/A;N/A;N/A;N/A;N/A;N/A;N/A;N/A;N/A;N/A;N/A;N/A;N/A;N/A;N/A;N/A;N/A;N/A;N/A;N/A;N/A;N/A;N/A;N/A;N/A;N/A;N/A;N/A;N/A;N/A;N/A;N/A;N/A;N/A;N/A;N/A;;0;598.8;0;0;;Disabled;TempStop;2;740;463.9;464.2;0;0;599.9;549.9;Enabled;PosOk;2;0;0;7.3;0;0;15;Disabled;0;0;0;0;0;0;0;0;0;0;0;0;0;0;0;0;0;0;0;0;0;0;0;0;0;0;0;0;0;0;0;0;0;0;0;0;0;0;0;0;0;0;0;0;0;0;0;0;0;0;0;0;0;0;0;0;0;0;0;0;0;0;0;0;0;0;0;0;0;0;30;34;20;45;30;30;20;45;30;34;20;45;30;30;20;45;200;124;100;300;200;122;100;300;200;118;100;300;200;118;100;300;30;34;20;45;30;30;20;45;30;34;20;45;30;30;20;45;200;122;100;300;200;121;100;300;200;130;100;300;200;131;100;300;4;2;0.4;6;4;5;0.4;6;4;2;0.4;6;4;5;0.4;6;4;2;0.4;6;4;6;0.4;6;4;2;0.4;6;4;6;0.4;6;NOK;NOK;OK;8000;8025;7500;9000;OK;8.95;0;8;12;NOK;N/A;2.04;N/A;N/A;N/A;9;10.9;6;15;OK;;0;0;0;-;Disabled;TempOk;2;230;248;233.9;0;0;349.9;441064700 vw 001;441064700 vw 001;441064700 VW 001
20260328_23:35:12;23208;3;3;945;943.1;930;960;OK;945;946.6;930;960;OK;948.2;947.2;-20;-52.7;-50;-25;OK;-20;-34.1;-50;-25;OK;-25.3;-26.4;0;-20;-52.7;-50;-25;OK;310;551;310;600;OK;0;0;N/A;N/A;N/A;N/A;N/A;N/A;N/A;N/A;N/A;N/A;N/A;N/A;N/A;N/A;N/A;N/A;N/A;N/A;N/A;N/A;N/A;N/A;N/A;N/A;N/A;N/A;N/A;N/A;N/A;N/A;N/A;N/A;N/A;N/A;N/A;N/A;N/A;N/A;N/A;N/A;N/A;N/A;N/A;N/A;N/A;N/A;N/A;N/A;N/A;N/A;N/A;N/A;N/A;N/A;N/A;N/A;N/A;N/A;N/A;N/A;N/A;N/A;N/A;N/A;N/A;N/A;N/A;N/A;N/A;N/A;N/A;N/A;N/A;N/A;N/A;N/A;N/A;N/A;N/A;N/A;N/A;N/A;N/A;N/A;N/A;N/A;N/A;N/A;N/A;N/A;N/A;N/A;N/A;N/A;N/A;N/A;N/A;N/A;;0;594.5;0;0;;Disabled;TempStop;2;740;450;459.1;0;0;599.9;549.9;Enabled;PosOk;2;0;0;6.9;0;0;15;Disabled;0;0;0;0;0;0;0;0;0;0;0;0;0;0;0;0;0;0;0;0;0;0;0;0;0;0;0;0;0;0;0;0;0;0;0;0;0;0;0;0;0;0;0;0;0;0;0;0;0;0;0;0;0;0;0;0;0;0;0;0;0;0;0;0;0;0;0;0;0;0;30;34;20;45;30;30;20;45;30;34;20;45;30;30;20;45;200;123;100;300;200;122;100;300;200;118;100;300;200;118;100;300;30;35;20;45;30;30;20;45;30;34;20;45;30;30;20;45;200;123;100;300;200;121;100;300;200;130;100;300;200;131;100;300;4;2;0.4;6;4;5;0.4;6;4;2;0.4;6;4;5;0.4;6;4;2;0.4;6;4;6;0.4;6;4;2;0.4;6;4;6;0.4;6;NOK;NOK;OK;8000;8029;7500;9000;OK;8.95;0;8;12;NOK;N/A;2.04;N/A;N/A;N/A;9;11.5;6;15;OK;;0;0;0;-;Disabled;TempOk;2;230;253.5;229.8;0;0;349.9;441064700 vw 001;441064700 vw 001;441064700 VW 001
20260328_23:35:31;23211;2;4;945;941.5;930;960;OK;945;945.2;930;960;OK;944.6;944.9;-15;-74.7;-50;-20;OK;-15;-36;-50;-20;OK;-29.6;-30.1;0;-15;-74.6;-50;-20;OK;310;517;310;600;OK;0;0;N/A;N/A;N/A;N/A;N/A;N/A;N/A;N/A;N/A;N/A;N/A;N/A;N/A;N/A;N/A;N/A;N/A;N/A;N/A;N/A;N/A;N/A;N/A;N/A;N/A;N/A;N/A;N/A;N/A;N/A;N/A;N/A;N/A;N/A;N/A;N/A;N/A;N/A;N/A;N/A;N/A;N/A;N/A;N/A;N/A;N/A;N/A;N/A;N/A;N/A;N/A;N/A;N/A;N/A;N/A;N/A;N/A;N/A;N/A;N/A;N/A;N/A;N/A;N/A;N/A;N/A;N/A;N/A;N/A;N/A;N/A;N/A;N/A;N/A;N/A;N/A;N/A;N/A;N/A;N/A;N/A;N/A;N/A;N/A;N/A;N/A;N/A;N/A;N/A;N/A;N/A;N/A;N/A;N/A;N/A;N/A;N/A;N/A;;0;619.7;0;0;;Disabled;TempStop;2;740;483;482.1;0;0;599.9;549.9;Enabled;PosOk;2;0;0;7.3;0;0;15;Disabled;0;0;0;0;0;0;0;0;0;0;0;0;0;0;0;0;0;0;0;0;0;0;0;0;0;0;0;0;0;0;0;0;0;0;0;0;0;0;0;0;0;0;0;0;0;0;0;0;0;0;0;0;0;0;0;0;0;0;0;0;0;0;0;0;0;0;0;0;0;0;30;34;20;45;30;30;20;45;30;34;20;45;30;30;20;45;200;124;100;300;200;122;100;300;200;118;100;300;200;118;100;300;30;35;20;45;30;30;20;45;30;34;20;45;30;30;20;45;200;123;100;300;200;121;100;300;200;130;100;300;200;131;100;300;4;2;0.4;6;4;5;0.4;6;4;2;0.4;6;4;5;0.4;6;4;2;0.4;6;4;6;0.4;6;4;2;0.4;6;4;6;0.4;6;NOK;NOK;OK;8000;8019;7500;9000;OK;8.93;0;8;12;NOK;N/A;2.04;N/A;N/A;N/A;9;11.3;6;15;OK;;0;0;0;-;Disabled;TempOk;2;230;254.7;239.4;0;0;349.9;441064700 vw 001;441064700 vw 001;441064700 VW 001
20260328_23:35:50;23210;1;4;945;940.7;930;960;OK;945;945.9;930;960;OK;948.1;947.1;-20;-17.9;-50;-25;NOK;-20;-19.6;-50;-25;NOK;-22.3;-21.8;0;-20;-17.8;-50;-25;NOK;310;550;310;600;OK;0;0;N/A;N/A;N/A;N/A;N/A;N/A;N/A;N/A;N/A;N/A;N/A;N/A;N/A;N/A;N/A;N/A;N/A;N/A;N/A;N/A;N/A;N/A;N/A;N/A;N/A;N/A;N/A;N/A;N/A;N/A;N/A;N/A;N/A;N/A;N/A;N/A;N/A;N/A;N/A;N/A;N/A;N/A;N/A;N/A;N/A;N/A;N/A;N/A;N/A;N/A;N/A;N/A;N/A;N/A;N/A;N/A;N/A;N/A;N/A;N/A;N/A;N/A;N/A;N/A;N/A;N/A;N/A;N/A;N/A;N/A;N/A;N/A;N/A;N/A;N/A;N/A;N/A;N/A;N/A;N/A;N/A;N/A;N/A;N/A;N/A;N/A;N/A;N/A;N/A;N/A;N/A;N/A;N/A;N/A;N/A;N/A;N/A;N/A;;0;603.8;0;0;;Disabled;TempStop;2;740;470.3;473.3;0;0;599.9;549.9;Enabled;PosOk;2;0;0;7.3;0;0;15;Disabled;0;0;0;0;0;0;0;0;0;0;0;0;0;0;0;0;0;0;0;0;0;0;0;0;0;0;0;0;0;0;0;0;0;0;0;0;0;0;0;0;0;0;0;0;0;0;0;0;0;0;0;0;0;0;0;0;0;0;0;0;0;0;0;0;0;0;0;0;0;0;30;34;20;45;30;30;20;45;30;34;20;45;30;30;20;45;200;124;100;300;200;122;100;300;200;117;100;300;200;118;100;300;30;35;20;45;30;30;20;45;30;34;20;45;30;30;20;45;200;122;100;300;200;122;100;300;200;130;100;300;200;131;100;300;4;2;0.4;6;4;5;0.4;6;4;2;0.4;6;4;5;0.4;6;4;2;0.4;6;4;6;0.4;6;4;2;0.4;6;4;6;0.4;6;NOK;NOK;OK;8000;8021;7500;9000;OK;8.94;0;8;12;NOK;N/A;2.04;N/A;N/A;N/A;9;10.7;6;15;OK;;0;0;0;-;Disabled;TempOk;2;230;247.5;232.1;0;0;349.9;441064700 vw 001;441064700 vw 001;441064700 VW 001
20260328_23:36:10;23213;4;4;945;941.3;930;960;OK;945;951.9;930;960;OK;950.4;951.3;-15;-21.2;-50;-5;OK;-15;-11.7;-50;-5;OK;-17;-16.9;0;-15;-21.2;-50;-5;OK;310;518;310;600;OK;229.25;229.67;N/A;N/A;N/A;N/A;N/A;N/A;N/A;N/A;N/A;N/A;N/A;N/A;N/A;N/A;N/A;N/A;N/A;N/A;N/A;N/A;N/A;N/A;N/A;N/A;N/A;N/A;N/A;N/A;N/A;N/A;N/A;N/A;N/A;N/A;N/A;N/A;N/A;N/A;N/A;N/A;N/A;N/A;N/A;N/A;N/A;N/A;N/A;N/A;N/A;N/A;N/A;N/A;N/A;N/A;N/A;N/A;N/A;N/A;N/A;N/A;N/A;N/A;N/A;N/A;N/A;N/A;N/A;N/A;N/A;N/A;N/A;N/A;N/A;N/A;N/A;N/A;N/A;N/A;N/A;N/A;N/A;N/A;N/A;N/A;N/A;N/A;N/A;N/A;N/A;N/A;N/A;N/A;N/A;N/A;N/A;N/A;N/A;N/A;;0;597.2;0;0;;Disabled;TempStop;2;740;454.2;459.1;0;0;599.9;549.9;Enabled;PosOk;2;0;0;6.6;0;0;15;Disabled;0;0;0;0;0;0;0;0;0;0;0;0;0;0;0;0;0;0;0;0;0;0;0;0;0;0;0;0;0;0;0;0;0;0;0;0;0;0;0;0;0;0;0;0;0;0;0;0;0;0;0;0;0;0;0;0;0;0;0;0;0;0;0;0;0;0;0;0;0;0;30;34;20;45;30;30;20;45;30;34;20;45;30;30;20;45;200;124;100;300;200;122;100;300;200;118;100;300;200;117;100;300;30;35;20;45;30;30;20;45;30;34;20;45;30;30;20;45;200;123;100;300;200;121;100;300;200;130;100;300;200;131;100;300;4;2;0.4;6;4;5;0.4;6;4;2;0.4;6;4;5;0.4;6;4;2;0.4;6;4;6;0.4;6;4;2;0.4;6;4;5;0.4;6;NOK;NOK;OK;8000;8022;7500;9000;OK;8.94;0;8;12;NOK;N/A;2.04;N/A;N/A;N/A;9;10.7;6;15;OK;;0;0;0;-;Disabled;TempOk;2;230;258.5;240.7;0;0;349.9;441064700 vw 001;441064700 vw 001;441064700 VW 001
20260328_23:36:29;23212;3;4;945;943.4;930;960;OK;945;946.8;930;960;OK;948;947.2;-20;-76.3;-50;-25;OK;-20;-32.6;-50;-25;OK;-29;-30.1;0;-20;-75.8;-50;-25;OK;310;552;310;600;OK;0;0;N/A;N/A;N/A;N/A;N/A;N/A;N/A;N/A;N/A;N/A;N/A;N/A;N/A;N/A;N/A;N/A;N/A;N/A;N/A;N/A;N/A;N/A;N/A;N/A;N/A;N/A;N/A;N/A;N/A;N/A;N/A;N/A;N/A;N/A;N/A;N/A;N/A;N/A;N/A;N/A;N/A;N/A;N/A;N/A;N/A;N/A;N/A;N/A;N/A;N/A;N/A;N/A;N/A;N/A;N/A;N/A;N/A;N/A;N/A;N/A;N/A;N/A;N/A;N/A;N/A;N/A;N/A;N/A;N/A;N/A;N/A;N/A;N/A;N/A;N/A;N/A;N/A;N/A;N/A;N/A;N/A;N/A;N/A;N/A;N/A;N/A;N/A;N/A;N/A;N/A;N/A;N/A;N/A;N/A;N/A;N/A;N/A;N/A;;0;590.3;0;0;;Disabled;TempStop;2;740;440.1;450.3;0;0;599.9;549.9;Enabled;PosOk;2;0;0;6.9;0;0;15;Disabled;0;0;0;0;0;0;0;0;0;0;0;0;0;0;0;0;0;0;0;0;0;0;0;0;0;0;0;0;0;0;0;0;0;0;0;0;0;0;0;0;0;0;0;0;0;0;0;0;0;0;0;0;0;0;0;0;0;0;0;0;0;0;0;0;0;0;0;0;0;0;30;34;20;45;30;30;20;45;30;34;20;45;30;30;20;45;200;124;100;300;200;122;100;300;200;118;100;300;200;117;100;300;30;35;20;45;30;30;20;45;30;34;20;45;30;30;20;45;200;122;100;300;200;121;100;300;200;130;100;300;200;130;100;300;4;2;0.4;6;4;5;0.4;6;4;2;0.4;6;4;5;0.4;6;4;2;0.4;6;4;6;0.4;6;4;2;0.4;6;4;6;0.4;6;NOK;NOK;OK;8000;8031;7500;9000;OK;8.95;0;8;12;NOK;N/A;2.04;N/A;N/A;N/A;9;10.9;6;15;OK;;0;0;0;-;Disabled;TempOk;2;230;254.5;226.3;0;0;349.9;441064700 vw 001;441064700 vw 001;441064700 VW 001
20260328_23:36:48;23215;4;1;945;940.8;930;960;OK;945;946.8;930;960;OK;946.1;945.9;-15;-12.6;-50;-5;OK;-15;-17;-50;-5;OK;-14.7;-15;0;-15;-12.5;-50;-5;OK;310;419;310;600;OK;229.32;229.71;N/A;N/A;N/A;N/A;N/A;N/A;N/A;N/A;N/A;N/A;N/A;N/A;N/A;N/A;N/A;N/A;N/A;N/A;N/A;N/A;N/A;N/A;N/A;N/A;N/A;N/A;N/A;N/A;N/A;N/A;N/A;N/A;N/A;N/A;N/A;N/A;N/A;N/A;N/A;N/A;N/A;N/A;N/A;N/A;N/A;N/A;N/A;N/A;N/A;N/A;N/A;N/A;N/A;N/A;N/A;N/A;N/A;N/A;N/A;N/A;N/A;N/A;N/A;N/A;N/A;N/A;N/A;N/A;N/A;N/A;N/A;N/A;N/A;N/A;N/A;N/A;N/A;N/A;N/A;N/A;N/A;N/A;N/A;N/A;N/A;N/A;N/A;N/A;N/A;N/A;N/A;N/A;N/A;N/A;N/A;N/A;N/A;N/A;;0;603.1;0;0;;Disabled;TempStop;2;740;463.4;471.1;0;0;599.9;549.9;Enabled;PosOk;2;0;0;7.3;0;0;15;Disabled;0;0;0;0;0;0;0;0;0;0;0;0;0;0;0;0;0;0;0;0;0;0;0;0;0;0;0;0;0;0;0;0;0;0;0;0;0;0;0;0;0;0;0;0;0;0;0;0;0;0;0;0;0;0;0;0;0;0;0;0;0;0;0;0;0;0;0;0;0;0;30;34;20;45;30;30;20;45;30;34;20;45;30;30;20;45;200;124;100;300;200;122;100;300;200;118;100;300;200;117;100;300;30;35;20;45;30;30;20;45;30;34;20;45;30;30;20;45;200;123;100;300;200;121;100;300;200;130;100;300;200;131;100;300;4;2;0.4;6;4;5;0.4;6;4;2;0.4;6;4;6;0.4;6;4;2;0.4;6;4;5;0.4;6;4;2;0.4;6;4;6;0.4;6;NOK;NOK;OK;8000;8027;7500;9000;OK;8.95;0;8;12;NOK;N/A;2.04;N/A;N/A;N/A;9;10.8;6;15;OK;;0;0;0;-;Disabled;TempOk;2;230;256.3;236.7;0;0;349.9;441064700 vw 001;441064700 vw 001;441064700 VW 001
20260328_23:38:26;23216;1;2;945;935.8;930;960;OK;945;946.4;930;960;OK;948.5;947.1;-20;-20.4;-50;-25;NOK;-20;-20.3;-50;-25;NOK;-21;-20.9;0;-20;-20.4;-50;-25;NOK;310;499;310;600;OK;0;0;N/A;N/A;N/A;N/A;N/A;N/A;N/A;N/A;N/A;N/A;N/A;N/A;N/A;N/A;N/A;N/A;N/A;N/A;N/A;N/A;N/A;N/A;N/A;N/A;N/A;N/A;N/A;N/A;N/A;N/A;N/A;N/A;N/A;N/A;N/A;N/A;N/A;N/A;N/A;N/A;N/A;N/A;N/A;N/A;N/A;N/A;N/A;N/A;N/A;N/A;N/A;N/A;N/A;N/A;N/A;N/A;N/A;N/A;N/A;N/A;N/A;N/A;N/A;N/A;N/A;N/A;N/A;N/A;N/A;N/A;N/A;N/A;N/A;N/A;N/A;N/A;N/A;N/A;N/A;N/A;N/A;N/A;N/A;N/A;N/A;N/A;N/A;N/A;N/A;N/A;N/A;N/A;N/A;N/A;N/A;N/A;N/A;N/A;;0;595.3;0;0;;Disabled;TempStop;2;740;459.6;461.1;0;0;599.9;549.9;Enabled;PosOk;2;0;0;7.3;0;0;15;Disabled;0;0;0;0;0;0;0;0;0;0;0;0;0;0;0;0;0;0;0;0;0;0;0;0;0;0;0;0;0;0;0;0;0;0;0;0;0;0;0;0;0;0;0;0;0;0;0;0;0;0;0;0;0;0;0;0;0;0;0;0;0;0;0;0;0;0;0;0;0;0;30;31;20;45;30;30;20;45;30;31;20;45;30;30;20;45;200;123;100;300;200;122;100;300;200;118;100;300;200;117;100;300;30;32;20;45;30;30;20;45;30;32;20;45;30;30;20;45;200;123;100;300;200;121;100;300;200;130;100;300;200;131;100;300;4;2;0.4;6;4;5;0.4;6;4;2;0.4;6;4;5;0.4;6;4;2;0.4;6;4;6;0.4;6;4;2;0.4;6;4;5;0.4;6;NOK;NOK;OK;8000;8027;7500;9000;OK;8.93;0;8;12;NOK;N/A;2.04;N/A;N/A;N/A;9;10.9;6;15;OK;;0;0;0;-;Disabled;TempOk;2;230;201.6;173.5;0;0;349.9;441064700 vw 001;441064700 vw 001;441064700 VW 001
20260328_23:39:14;23214;3;5;945;943.4;930;960;OK;945;946.5;930;960;OK;950.6;949.4;-20;-77.1;-50;-25;OK;-20;-26.4;-50;-25;OK;-30.1;-31.3;0;-20;-76.5;-50;-25;OK;310;709;310;600;NOK;0;0;;;;;;;;;;;;;;;;;;;;;;;;;;;;;;;;;;;;;;;;;;;;;;;;;;;;;;;;;;;;;;;;;;;;;;;;;;;;;;;;;;;;;;;;;;;;;;;;;;;;;;;;;;;;;;;;;;;;;;;;;;;;;;;;;;;;;;;;;;;;;;;;;;;;;;;;;;;;;;;;;;;;;;;;;;;;;;;;;;;;;;;;;;;;;;;;;;;;;;;;;;;;;;;;;;;;;;;;;;;;;;;;;;;;;;;;;;;;;;;;;;;;;;;;;;;;;;;;;;;;;;;;;;;;;;;;;;;;;;;;;;;;;;;;;;;;;;;;;;;;;;;;;;;;;;;;;;;;;;;;;;;;;;;;441064700 vw 001;;;;
20260328_23:39:24;23217;2;2;945;935.8;930;960;OK;945;945.2;930;960;OK;945.2;945.2;-15;-42.4;-50;-20;OK;-15;-31.6;-50;-20;OK;-26.5;-28.4;0;-15;-42.6;-50;-20;OK;310;335;310;600;OK;0;0;N/A;N/A;N/A;N/A;N/A;N/A;N/A;N/A;N/A;N/A;N/A;N/A;N/A;N/A;N/A;N/A;N/A;N/A;N/A;N/A;N/A;N/A;N/A;N/A;N/A;N/A;N/A;N/A;N/A;N/A;N/A;N/A;N/A;N/A;N/A;N/A;N/A;N/A;N/A;N/A;N/A;N/A;N/A;N/A;N/A;N/A;N/A;N/A;N/A;N/A;N/A;N/A;N/A;N/A;N/A;N/A;N/A;N/A;N/A;N/A;N/A;N/A;N/A;N/A;N/A;N/A;N/A;N/A;N/A;N/A;N/A;N/A;N/A;N/A;N/A;N/A;N/A;N/A;N/A;N/A;N/A;N/A;N/A;N/A;N/A;N/A;N/A;N/A;N/A;N/A;N/A;N/A;N/A;N/A;N/A;N/A;N/A;N/A;;0;615.3;0;0;;Disabled;TempStop;2;740;473.5;478.2;0;0;599.9;549.9;Enabled;PosOk;2;0;1.5;8.3;0;0;15;Disabled;0;0;0;0;0;0;0;0;0;0;0;0;0;0;0;0;0;0;0;0;0;0;0;0;0;0;0;0;0;0;0;0;0;0;0;0;0;0;0;0;0;0;0;0;0;0;0;0;0;0;0;0;0;0;0;0;0;0;0;0;0;0;0;0;0;0;0;0;0;0;30;31;20;45;30;30;20;45;30;31;20;45;30;29;20;45;200;124;100;300;200;122;100;300;200;117;100;300;200;117;100;300;30;32;20;45;30;30;20;45;30;32;20;45;30;30;20;45;200;123;100;300;200;121;100;300;200;130;100;300;200;131;100;300;4;2;0.4;6;4;5;0.4;6;4;2;0.4;6;4;5;0.4;6;4;2;0.4;6;4;6;0.4;6;4;2;0.4;6;4;6;0.4;6;NOK;NOK;OK;8000;8029;7500;9000;OK;8.93;0;8;12;NOK;N/A;2.04;N/A;N/A;N/A;9;10.8;6;15;OK;;0;0;0;-;Disabled;TempOk;2;230;204.5;187.3;0;0;349.9;441064700 vw 001;441064700 vw 001;441064700 VW 001
20260328_23:40:02;23219;4;2;945;935.5;930;960;OK;945;950.5;930;960;OK;951.1;951.4;-15;-14.6;-50;-5;OK;-15;-13.6;-50;-5;OK;-15.7;-14.1;0;-15;-14.8;-50;-5;OK;310;335;310;600;OK;229.55;229.89;N/A;N/A;N/A;N/A;N/A;N/A;N/A;N/A;N/A;N/A;N/A;N/A;N/A;N/A;N/A;N/A;N/A;N/A;N/A;N/A;N/A;N/A;N/A;N/A;N/A;N/A;N/A;N/A;N/A;N/A;N/A;N/A;N/A;N/A;N/A;N/A;N/A;N/A;N/A;N/A;N/A;N/A;N/A;N/A;N/A;N/A;N/A;N/A;N/A;N/A;N/A;N/A;N/A;N/A;N/A;N/A;N/A;N/A;N/A;N/A;N/A;N/A;N/A;N/A;N/A;N/A;N/A;N/A;N/A;N/A;N/A;N/A;N/A;N/A;N/A;N/A;N/A;N/A;N/A;N/A;N/A;N/A;N/A;N/A;N/A;N/A;N/A;N/A;N/A;N/A;N/A;N/A;N/A;N/A;N/A;N/A;N/A;N/A;;0;606.6;0;0;;Disabled;TempStop;2;740;469;477.3;0;0;599.9;549.9;Enabled;PosOk;2;0;0.6;8.3;0;0;15;Disabled;0;0;0;0;0;0;0;0;0;0;0;0;0;0;0;0;0;0;0;0;0;0;0;0;0;0;0;0;0;0;0;0;0;0;0;0;0;0;0;0;0;0;0;0;0;0;0;0;0;0;0;0;0;0;0;0;0;0;0;0;0;0;0;0;0;0;0;0;0;0;30;31;20;45;30;29;20;45;30;31;20;45;30;29;20;45;200;124;100;300;200;122;100;300;200;118;100;300;200;117;100;300;30;32;20;45;30;29;20;45;30;31;20;45;30;29;20;45;200;123;100;300;200;121;100;300;200;130;100;300;200;131;100;300;4;2;0.4;6;4;5;0.4;6;4;2;0.4;6;4;5;0.4;6;4;2;0.4;6;4;5;0.4;6;4;2;0.4;6;4;5;0.4;6;NOK;NOK;OK;8000;8018;7500;9000;OK;8.92;0;8;12;NOK;N/A;2.04;N/A;N/A;N/A;9;10.7;6;15;OK;;0;0;0;-;Disabled;TempOk;2;230;217.9;198.3;0;0;349.9;441064700 vw 001;441064700 vw 001;441064700 VW 001
20260328_23:40:21;23218;3;2;945;935.9;930;960;OK;945;946.3;930;960;OK;946.9;946.1;-20;-38.4;-50;-25;OK;-20;-31;-50;-25;OK;-25.7;-27.2;0;-20;-38.4;-50;-25;OK;310;373;310;600;OK;0;0;N/A;N/A;N/A;N/A;N/A;N/A;N/A;N/A;N/A;N/A;N/A;N/A;N/A;N/A;N/A;N/A;N/A;N/A;N/A;N/A;N/A;N/A;N/A;N/A;N/A;N/A;N/A;N/A;N/A;N/A;N/A;N/A;N/A;N/A;N/A;N/A;N/A;N/A;N/A;N/A;N/A;N/A;N/A;N/A;N/A;N/A;N/A;N/A;N/A;N/A;N/A;N/A;N/A;N/A;N/A;N/A;N/A;N/A;N/A;N/A;N/A;N/A;N/A;N/A;N/A;N/A;N/A;N/A;N/A;N/A;N/A;N/A;N/A;N/A;N/A;N/A;N/A;N/A;N/A;N/A;N/A;N/A;N/A;N/A;N/A;N/A;N/A;N/A;N/A;N/A;N/A;N/A;N/A;N/A;N/A;N/A;N/A;N/A;;0;611.8;0;0;;Disabled;TempStop;2;740;477.7;484.4;0;0;599.9;549.9;Enabled;PosOk;2;0;0.3;8.3;0;0;15;Disabled;0;0;0;0;0;0;0;0;0;0;0;0;0;0;0;0;0;0;0;0;0;0;0;0;0;0;0;0;0;0;0;0;0;0;0;0;0;0;0;0;0;0;0;0;0;0;0;0;0;0;0;0;0;0;0;0;0;0;0;0;0;0;0;0;0;0;0;0;0;0;30;32;20;45;30;29;20;45;30;32;20;45;30;29;20;45;200;123;100;300;200;122;100;300;200;118;100;300;200;117;100;300;30;33;20;45;30;29;20;45;30;32;20;45;30;29;20;45;200;123;100;300;200;121;100;300;200;130;100;300;200;130;100;300;4;2;0.4;6;4;5;0.4;6;4;2;0.4;6;4;5;0.4;6;4;2;0.4;6;4;6;0.4;6;4;2;0.4;6;4;6;0.4;6;NOK;NOK;OK;8000;8023;7500;9000;OK;8.93;0;8;12;NOK;N/A;2.04;N/A;N/A;N/A;9;10.7;6;15;OK;;0;0;0;-;Disabled;TempOk;2;230;247.2;213.4;0;0;349.9;441064700 vw 001;441064700 vw 001;441064700 VW 001
20260328_23:40:41;23221;4;3;945;938.9;930;960;OK;945;947.7;930;960;OK;948.9;948.5;-15;-18.8;-50;-5;OK;-15;-17.4;-50;-5;OK;-16.7;-17.1;0;-15;-18.8;-50;-5;OK;310;335;310;600;OK;229.6;229.93;N/A;N/A;N/A;N/A;N/A;N/A;N/A;N/A;N/A;N/A;N/A;N/A;N/A;N/A;N/A;N/A;N/A;N/A;N/A;N/A;N/A;N/A;N/A;N/A;N/A;N/A;N/A;N/A;N/A;N/A;N/A;N/A;N/A;N/A;N/A;N/A;N/A;N/A;N/A;N/A;N/A;N/A;N/A;N/A;N/A;N/A;N/A;N/A;N/A;N/A;N/A;N/A;N/A;N/A;N/A;N/A;N/A;N/A;N/A;N/A;N/A;N/A;N/A;N/A;N/A;N/A;N/A;N/A;N/A;N/A;N/A;N/A;N/A;N/A;N/A;N/A;N/A;N/A;N/A;N/A;N/A;N/A;N/A;N/A;N/A;N/A;N/A;N/A;N/A;N/A;N/A;N/A;N/A;N/A;N/A;N/A;N/A;N/A;;0;602.8;0;0;;Disabled;TempStop;2;740;465.9;471;0;0;599.9;549.9;Enabled;PosOk;2;0;1.5;8.3;0;0;15;Disabled;0;0;0;0;0;0;0;0;0;0;0;0;0;0;0;0;0;0;0;0;0;0;0;0;0;0;0;0;0;0;0;0;0;0;0;0;0;0;0;0;0;0;0;0;0;0;0;0;0;0;0;0;0;0;0;0;0;0;0;0;0;0;0;0;0;0;0;0;0;0;30;33;20;45;30;29;20;45;30;33;20;45;30;29;20;45;200;124;100;300;200;122;100;300;200;118;100;300;200;117;100;300;30;34;20;45;30;29;20;45;30;33;20;45;30;30;20;45;200;123;100;300;200;121;100;300;200;130;100;300;200;131;100;300;4;2;0.4;6;4;5;0.4;6;4;2;0.4;6;4;5;0.4;6;4;2;0.4;6;4;6;0.4;6;4;2;0.4;6;4;6;0.4;6;NOK;NOK;OK;8000;8026;7500;9000;OK;8.94;0;8;12;NOK;N/A;2.04;N/A;N/A;N/A;9;10.7;6;15;OK;;0;0;0;-;Disabled;TempOk;2;230;253.3;223.3;0;0;349.9;441064700 vw 001;441064700 vw 001;441064700 VW 001
20260328_23:41:00;23220;1;3;945;936.5;930;960;OK;945;946.6;930;960;OK;949.3;949.8;-20;-22.5;-50;-25;NOK;-20;-18.3;-50;-25;NOK;-22.9;-21.9;0;-20;-22.5;-50;-25;NOK;310;374;310;600;OK;0;0;N/A;N/A;N/A;N/A;N/A;N/A;N/A;N/A;N/A;N/A;N/A;N/A;N/A;N/A;N/A;N/A;N/A;N/A;N/A;N/A;N/A;N/A;N/A;N/A;N/A;N/A;N/A;N/A;N/A;N/A;N/A;N/A;N/A;N/A;N/A;N/A;N/A;N/A;N/A;N/A;N/A;N/A;N/A;N/A;N/A;N/A;N/A;N/A;N/A;N/A;N/A;N/A;N/A;N/A;N/A;N/A;N/A;N/A;N/A;N/A;N/A;N/A;N/A;N/A;N/A;N/A;N/A;N/A;N/A;N/A;N/A;N/A;N/A;N/A;N/A;N/A;N/A;N/A;N/A;N/A;N/A;N/A;N/A;N/A;N/A;N/A;N/A;N/A;N/A;N/A;N/A;N/A;N/A;N/A;N/A;N/A;N/A;N/A;;0;586.2;0;0;;Disabled;TempStop;2;740;454.8;459.3;0;0;599.9;549.9;Enabled;PosOk;2;0;0.6;8.3;0;0;15;Disabled;0;0;0;0;0;0;0;0;0;0;0;0;0;0;0;0;0;0;0;0;0;0;0;0;0;0;0;0;0;0;0;0;0;0;0;0;0;0;0;0;0;0;0;0;0;0;0;0;0;0;0;0;0;0;0;0;0;0;0;0;0;0;0;0;0;0;0;0;0;0;30;33;20;45;30;30;20;45;30;33;20;45;30;30;20;45;200;124;100;300;200;122;100;300;200;118;100;300;200;117;100;300;30;34;20;45;30;30;20;45;30;34;20;45;30;30;20;45;200;122;100;300;200;121;100;300;200;130;100;300;200;130;100;300;4;2;0.4;6;4;5;0.4;6;4;2;0.4;6;4;5;0.4;6;4;2;0.4;6;4;6;0.4;6;4;2;0.4;6;4;6;0.4;6;NOK;NOK;OK;8000;8028;7500;9000;OK;8.95;0;8;12;NOK;N/A;2.04;N/A;N/A;N/A;9;10.8;6;15;OK;;0;0;0;-;Disabled;TempOk;2;230;251.5;229;0;0;349.9;441064700 vw 001;441064700 vw 001;441064700 VW 001
20260328_23:41:19;23223;2;4;945;936.4;930;960;OK;945;945.1;930;960;OK;945.2;945.2;-15;-36.2;-50;-20;OK;-15;-28.4;-50;-20;OK;-24.6;-25.9;0;-15;-36.2;-50;-20;OK;310;335;310;600;OK;0;0;N/A;N/A;N/A;N/A;N/A;N/A;N/A;N/A;N/A;N/A;N/A;N/A;N/A;N/A;N/A;N/A;N/A;N/A;N/A;N/A;N/A;N/A;N/A;N/A;N/A;N/A;N/A;N/A;N/A;N/A;N/A;N/A;N/A;N/A;N/A;N/A;N/A;N/A;N/A;N/A;N/A;N/A;N/A;N/A;N/A;N/A;N/A;N/A;N/A;N/A;N/A;N/A;N/A;N/A;N/A;N/A;N/A;N/A;N/A;N/A;N/A;N/A;N/A;N/A;N/A;N/A;N/A;N/A;N/A;N/A;N/A;N/A;N/A;N/A;N/A;N/A;N/A;N/A;N/A;N/A;N/A;N/A;N/A;N/A;N/A;N/A;N/A;N/A;N/A;N/A;N/A;N/A;N/A;N/A;N/A;N/A;N/A;N/A;;0;624.9;0;0;;Disabled;TempStop;2;740;484.8;490;0;0;599.9;549.9;Enabled;PosOk;2;0;1.2;8.3;0;0;15;Disabled;0;0;0;0;0;0;0;0;0;0;0;0;0;0;0;0;0;0;0;0;0;0;0;0;0;0;0;0;0;0;0;0;0;0;0;0;0;0;0;0;0;0;0;0;0;0;0;0;0;0;0;0;0;0;0;0;0;0;0;0;0;0;0;0;0;0;0;0;0;0;30;34;20;45;30;30;20;45;30;34;20;45;30;30;20;45;200;124;100;300;200;122;100;300;200;118;100;300;200;118;100;300;30;34;20;45;30;30;20;45;30;34;20;45;30;30;20;45;200;122;100;300;200;121;100;300;200;130;100;300;200;130;100;300;4;2;0.4;6;4;6;0.4;6;4;2;0.4;6;4;5;0.4;6;4;2;0.4;6;4;6;0.4;6;4;2;0.4;6;4;6;0.4;6;NOK;NOK;OK;8000;8024;7500;9000;OK;8.93;0;8;12;NOK;N/A;2.04;N/A;N/A;N/A;9;10.8;6;15;OK;;0;0;0;-;Disabled;TempOk;2;230;254;234.3;0;0;349.9;441064700 vw 001;441064700 vw 001;441064700 VW 001
20260328_23:41:38;23222;3;3;945;936.9;930;960;OK;945;947;930;960;OK;948.8;948.1;-20;-34.2;-50;-25;OK;-20;-26.5;-50;-25;OK;-22;-23.2;0;-20;-34.1;-50;-25;OK;310;373;310;600;OK;0;0;N/A;N/A;N/A;N/A;N/A;N/A;N/A;N/A;N/A;N/A;N/A;N/A;N/A;N/A;N/A;N/A;N/A;N/A;N/A;N/A;N/A;N/A;N/A;N/A;N/A;N/A;N/A;N/A;N/A;N/A;N/A;N/A;N/A;N/A;N/A;N/A;N/A;N/A;N/A;N/A;N/A;N/A;N/A;N/A;N/A;N/A;N/A;N/A;N/A;N/A;N/A;N/A;N/A;N/A;N/A;N/A;N/A;N/A;N/A;N/A;N/A;N/A;N/A;N/A;N/A;N/A;N/A;N/A;N/A;N/A;N/A;N/A;N/A;N/A;N/A;N/A;N/A;N/A;N/A;N/A;N/A;N/A;N/A;N/A;N/A;N/A;N/A;N/A;N/A;N/A;N/A;N/A;N/A;N/A;N/A;N/A;N/A;N/A;;0;600.9;0;0;;Disabled;TempStop;2;740;457;461.8;0;0;599.9;549.9;Enabled;PosOk;2;0;0.9;8;0;0;15;Disabled;0;0;0;0;0;0;0;0;0;0;0;0;0;0;0;0;0;0;0;0;0;0;0;0;0;0;0;0;0;0;0;0;0;0;0;0;0;0;0;0;0;0;0;0;0;0;0;0;0;0;0;0;0;0;0;0;0;0;0;0;0;0;0;0;0;0;0;0;0;0;30;34;20;45;30;30;20;45;30;34;20;45;30;30;20;45;200;124;100;300;200;122;100;300;200;118;100;300;200;118;100;300;30;34;20;45;30;29;20;45;30;34;20;45;30;29;20;45;200;123;100;300;200;121;100;300;200;130;100;300;200;130;100;300;4;2;0.4;6;4;5;0.4;6;4;2;0.4;6;4;5;0.4;6;4;2;0.4;6;4;6;0.4;6;4;2;0.4;6;4;5;0.4;6;NOK;NOK;OK;8000;8021;7500;9000;OK;8.94;0;8;12;NOK;N/A;2.04;N/A;N/A;N/A;9;11;6;15;OK;;0;0;0;-;Disabled;TempOk;2;230;255.2;233.2;0;0;349.9;441064700 vw 001;441064700 vw 001;441064700 VW 001
20260328_23:41:57;23225;4;4;945;927.4;930;960;NOK;945;950.3;930;960;OK;949.6;950.1;-15;-11.7;-50;-5;OK;-15;-11;-50;-5;OK;-16.9;-16.8;0;-15;-11.8;-50;-5;OK;310;335;310;600;OK;229.69;230.03;N/A;N/A;N/A;N/A;N/A;N/A;N/A;N/A;N/A;N/A;N/A;N/A;N/A;N/A;N/A;N/A;N/A;N/A;N/A;N/A;N/A;N/A;N/A;N/A;N/A;N/A;N/A;N/A;N/A;N/A;N/A;N/A;N/A;N/A;N/A;N/A;N/A;N/A;N/A;N/A;N/A;N/A;N/A;N/A;N/A;N/A;N/A;N/A;N/A;N/A;N/A;N/A;N/A;N/A;N/A;N/A;N/A;N/A;N/A;N/A;N/A;N/A;N/A;N/A;N/A;N/A;N/A;N/A;N/A;N/A;N/A;N/A;N/A;N/A;N/A;N/A;N/A;N/A;N/A;N/A;N/A;N/A;N/A;N/A;N/A;N/A;N/A;N/A;N/A;N/A;N/A;N/A;N/A;N/A;N/A;N/A;N/A;N/A;;0;594;0;0;;Disabled;TempStop;2;740;457.3;465.3;0;0;599.9;549.9;Enabled;PosOk;2;0;0.6;8.3;0;0;15;Disabled;0;0;0;0;0;0;0;0;0;0;0;0;0;0;0;0;0;0;0;0;0;0;0;0;0;0;0;0;0;0;0;0;0;0;0;0;0;0;0;0;0;0;0;0;0;0;0;0;0;0;0;0;0;0;0;0;0;0;0;0;0;0;0;0;0;0;0;0;0;0;30;34;20;45;30;29;20;45;30;34;20;45;30;29;20;45;200;124;100;300;200;122;100;300;200;118;100;300;200;117;100;300;30;34;20;45;30;30;20;45;30;34;20;45;30;29;20;45;200;122;100;300;200;122;100;300;200;131;100;300;200;131;100;300;4;2;0.4;6;4;5;0.4;6;4;2;0.4;6;4;6;0.4;6;4;2;0.4;6;4;6;0.4;6;4;2;0.4;6;4;6;0.4;6;NOK;NOK;OK;8000;8020;7500;9000;OK;8.94;0;8;12;NOK;N/A;2.04;N/A;N/A;N/A;9;11.4;6;15;OK;;0;0;0;-;Disabled;TempOk;2;230;254.2;235.9;0;0;349.9;441064700 vw 001;441064700 vw 001;441064700 VW 001
20260328_23:42:16;23224;1;4;945;935.5;930;960;OK;945;945.3;930;960;OK;948.7;947.8;-20;-18.7;-50;-25;NOK;-20;-18;-50;-25;NOK;-20.8;-20.2;0;-20;-18.6;-50;-25;NOK;310;374;310;600;OK;0;0;N/A;N/A;N/A;N/A;N/A;N/A;N/A;N/A;N/A;N/A;N/A;N/A;N/A;N/A;N/A;N/A;N/A;N/A;N/A;N/A;N/A;N/A;N/A;N/A;N/A;N/A;N/A;N/A;N/A;N/A;N/A;N/A;N/A;N/A;N/A;N/A;N/A;N/A;N/A;N/A;N/A;N/A;N/A;N/A;N/A;N/A;N/A;N/A;N/A;N/A;N/A;N/A;N/A;N/A;N/A;N/A;N/A;N/A;N/A;N/A;N/A;N/A;N/A;N/A;N/A;N/A;N/A;N/A;N/A;N/A;N/A;N/A;N/A;N/A;N/A;N/A;N/A;N/A;N/A;N/A;N/A;N/A;N/A;N/A;N/A;N/A;N/A;N/A;N/A;N/A;N/A;N/A;N/A;N/A;N/A;N/A;N/A;N/A;;0;604.3;0;0;;Disabled;TempStop;2;740;467.7;477.2;0;0;599.9;549.9;Enabled;PosOk;2;0;0.3;8.7;0;0;15;Disabled;0;0;0;0;0;0;0;0;0;0;0;0;0;0;0;0;0;0;0;0;0;0;0;0;0;0;0;0;0;0;0;0;0;0;0;0;0;0;0;0;0;0;0;0;0;0;0;0;0;0;0;0;0;0;0;0;0;0;0;0;0;0;0;0;0;0;0;0;0;0;30;34;20;45;30;29;20;45;30;34;20;45;30;29;20;45;200;124;100;300;200;121;100;300;200;118;100;300;200;117;100;300;30;34;20;45;30;29;20;45;30;34;20;45;30;30;20;45;200;123;100;300;200;121;100;300;200;130;100;300;200;130;100;300;4;2;0.4;6;4;5;0.4;6;4;2;0.4;6;4;5;0.4;6;4;2;0.4;6;4;6;0.4;6;4;2;0.4;6;4;5;0.4;6;NOK;NOK;OK;8000;8019;7500;9000;OK;8.94;0;8;12;NOK;N/A;2.04;N/A;N/A;N/A;9;11.3;6;15;OK;;0;0;0;-;Disabled;TempOk;2;230;257;237.1;0;0;349.9;441064700 vw 001;441064700 vw 001;441064700 VW 001
20260328_23:42:36;23227;4;1;945;938.9;930;960;OK;945;946.2;930;960;OK;946.3;945.9;-15;-16.8;-50;-5;OK;-15;-15.6;-50;-5;OK;-12.9;-14;0;-15;-16.8;-50;-5;OK;310;335;310;600;OK;229.72;230.07;N/A;N/A;N/A;N/A;N/A;N/A;N/A;N/A;N/A;N/A;N/A;N/A;N/A;N/A;N/A;N/A;N/A;N/A;N/A;N/A;N/A;N/A;N/A;N/A;N/A;N/A;N/A;N/A;N/A;N/A;N/A;N/A;N/A;N/A;N/A;N/A;N/A;N/A;N/A;N/A;N/A;N/A;N/A;N/A;N/A;N/A;N/A;N/A;N/A;N/A;N/A;N/A;N/A;N/A;N/A;N/A;N/A;N/A;N/A;N/A;N/A;N/A;N/A;N/A;N/A;N/A;N/A;N/A;N/A;N/A;N/A;N/A;N/A;N/A;N/A;N/A;N/A;N/A;N/A;N/A;N/A;N/A;N/A;N/A;N/A;N/A;N/A;N/A;N/A;N/A;N/A;N/A;N/A;N/A;N/A;N/A;N/A;N/A;;0;602.4;0;0;;Disabled;TempStop;2;740;467.9;474.4;0;0;599.9;549.9;Enabled;PosOk;2;0;2.5;7.6;0;0;15;Disabled;0;0;0;0;0;0;0;0;0;0;0;0;0;0;0;0;0;0;0;0;0;0;0;0;0;0;0;0;0;0;0;0;0;0;0;0;0;0;0;0;0;0;0;0;0;0;0;0;0;0;0;0;0;0;0;0;0;0;0;0;0;0;0;0;0;0;0;0;0;0;30;34;20;45;30;29;20;45;30;34;20;45;30;29;20;45;200;123;100;300;200;121;100;300;200;118;100;300;200;117;100;300;30;34;20;45;30;29;20;45;30;34;20;45;30;30;20;45;200;122;100;300;200;121;100;300;200;130;100;300;200;130;100;300;4;2;0.4;6;4;6;0.4;6;4;2;0.4;6;4;5;0.4;6;4;2;0.4;6;4;6;0.4;6;4;2;0.4;6;4;6;0.4;6;NOK;NOK;OK;8000;8016;7500;9000;OK;8.93;0;8;12;NOK;N/A;2.04;N/A;N/A;N/A;9;10.7;6;15;OK;;0;0;0;-;Disabled;TempOk;2;230;253.2;236.9;0;0;349.9;441064700 vw 001;441064700 vw 001;441064700 VW 001
20260328_23:42:55;23226;3;4;945;937.7;930;960;OK;945;946.8;930;960;OK;948.4;947.6;-20;-29.9;-50;-25;OK;-20;-27.3;-50;-25;OK;-28.5;-29.8;0;-20;-29.4;-50;-25;OK;310;373;310;600;OK;0;0;N/A;N/A;N/A;N/A;N/A;N/A;N/A;N/A;N/A;N/A;N/A;N/A;N/A;N/A;N/A;N/A;N/A;N/A;N/A;N/A;N/A;N/A;N/A;N/A;N/A;N/A;N/A;N/A;N/A;N/A;N/A;N/A;N/A;N/A;N/A;N/A;N/A;N/A;N/A;N/A;N/A;N/A;N/A;N/A;N/A;N/A;N/A;N/A;N/A;N/A;N/A;N/A;N/A;N/A;N/A;N/A;N/A;N/A;N/A;N/A;N/A;N/A;N/A;N/A;N/A;N/A;N/A;N/A;N/A;N/A;N/A;N/A;N/A;N/A;N/A;N/A;N/A;N/A;N/A;N/A;N/A;N/A;N/A;N/A;N/A;N/A;N/A;N/A;N/A;N/A;N/A;N/A;N/A;N/A;N/A;N/A;N/A;N/A;;0;593.6;0;0;;Disabled;TempStop;2;740;460.4;466.3;0;0;599.9;549.9;Enabled;PosOk;2;0;0.3;8.3;0;0;15;Disabled;0;0;0;0;0;0;0;0;0;0;0;0;0;0;0;0;0;0;0;0;0;0;0;0;0;0;0;0;0;0;0;0;0;0;0;0;0;0;0;0;0;0;0;0;0;0;0;0;0;0;0;0;0;0;0;0;0;0;0;0;0;0;0;0;0;0;0;0;0;0;30;34;20;45;30;29;20;45;30;34;20;45;30;29;20;45;200;124;100;300;200;122;100;300;200;118;100;300;200;117;100;300;30;34;20;45;30;29;20;45;30;34;20;45;30;29;20;45;200;122;100;300;200;121;100;300;200;130;100;300;200;131;100;300;4;2;0.4;6;4;5;0.4;6;4;2;0.4;6;4;5;0.4;6;4;2;0.4;6;4;5;0.4;6;4;2;0.4;6;4;5;0.4;6;NOK;NOK;OK;8000;8021;7500;9000;OK;8.94;0;8;12;NOK;N/A;2.04;N/A;N/A;N/A;9;10.7;6;15;OK;;0;0;0;-;Disabled;TempOk;2;230;253.5;232.6;0;0;349.9;441064700 vw 001;441064700 vw 001;441064700 VW 001
20260328_23:44:11;23228;1;2;945;936.4;930;960;OK;945;946.7;930;960;OK;948.7;948.2;-20;-20.3;-50;-25;NOK;-20;-20.8;-50;-25;NOK;-20.9;-21;0;-20;-20.3;-50;-25;NOK;310;333;310;600;OK;0;0;N/A;N/A;N/A;N/A;N/A;N/A;N/A;N/A;N/A;N/A;N/A;N/A;N/A;N/A;N/A;N/A;N/A;N/A;N/A;N/A;N/A;N/A;N/A;N/A;N/A;N/A;N/A;N/A;N/A;N/A;N/A;N/A;N/A;N/A;N/A;N/A;N/A;N/A;N/A;N/A;N/A;N/A;N/A;N/A;N/A;N/A;N/A;N/A;N/A;N/A;N/A;N/A;N/A;N/A;N/A;N/A;N/A;N/A;N/A;N/A;N/A;N/A;N/A;N/A;N/A;N/A;N/A;N/A;N/A;N/A;N/A;N/A;N/A;N/A;N/A;N/A;N/A;N/A;N/A;N/A;N/A;N/A;N/A;N/A;N/A;N/A;N/A;N/A;N/A;N/A;N/A;N/A;N/A;N/A;N/A;N/A;N/A;N/A;;0;597.8;0;0;;Disabled;TempStop;2;740;464.4;472;0;0;599.9;549.9;Enabled;PosOk;2;0;1.2;8;0;0;15;Disabled;0;0;0;0;0;0;0;0;0;0;0;0;0;0;0;0;0;0;0;0;0;0;0;0;0;0;0;0;0;0;0;0;0;0;0;0;0;0;0;0;0;0;0;0;0;0;0;0;0;0;0;0;0;0;0;0;0;0;0;0;0;0;0;0;0;0;0;0;0;0;30;30;20;45;30;30;20;45;30;31;20;45;30;30;20;45;200;123;100;300;200;122;100;300;200;118;100;300;200;117;100;300;30;32;20;45;30;30;20;45;30;32;20;45;30;30;20;45;200;123;100;300;200;121;100;300;200;130;100;300;200;130;100;300;4;2;0.4;6;4;5;0.4;6;4;2;0.4;6;4;5;0.4;6;4;2;0.4;6;4;6;0.4;6;4;2;0.4;6;4;5;0.4;6;NOK;NOK;OK;8000;8030;7500;9000;OK;8.94;0;8;12;NOK;N/A;2.04;N/A;N/A;N/A;9;10.9;6;15;OK;;0;0;0;-;Disabled;TempOk;2;230;209.9;180.4;0;0;349.9;441064700 vw 001;441064700 vw 001;441064700 VW 001
20260328_23:45:09;23229;2;2;945;936.3;930;960;OK;945;945.2;930;960;OK;945.3;945.3;-15;-32.2;-50;-20;OK;-15;-30.6;-50;-20;OK;-25.7;-27.7;0;-15;-32.4;-50;-20;OK;310;333;310;600;OK;0;0;N/A;N/A;N/A;N/A;N/A;N/A;N/A;N/A;N/A;N/A;N/A;N/A;N/A;N/A;N/A;N/A;N/A;N/A;N/A;N/A;N/A;N/A;N/A;N/A;N/A;N/A;N/A;N/A;N/A;N/A;N/A;N/A;N/A;N/A;N/A;N/A;N/A;N/A;N/A;N/A;N/A;N/A;N/A;N/A;N/A;N/A;N/A;N/A;N/A;N/A;N/A;N/A;N/A;N/A;N/A;N/A;N/A;N/A;N/A;N/A;N/A;N/A;N/A;N/A;N/A;N/A;N/A;N/A;N/A;N/A;N/A;N/A;N/A;N/A;N/A;N/A;N/A;N/A;N/A;N/A;N/A;N/A;N/A;N/A;N/A;N/A;N/A;N/A;N/A;N/A;N/A;N/A;N/A;N/A;N/A;N/A;N/A;N/A;;0;613.5;0;0;;Disabled;TempStop;2;740;483.5;489.4;0;0;599.9;549.9;Enabled;PosOk;2;0;2.5;9.4;0;0;15;Disabled;0;0;0;0;0;0;0;0;0;0;0;0;0;0;0;0;0;0;0;0;0;0;0;0;0;0;0;0;0;0;0;0;0;0;0;0;0;0;0;0;0;0;0;0;0;0;0;0;0;0;0;0;0;0;0;0;0;0;0;0;0;0;0;0;0;0;0;0;0;0;30;31;20;45;30;30;20;45;30;31;20;45;30;30;20;45;200;123;100;300;200;122;100;300;200;118;100;300;200;118;100;300;30;32;20;45;30;30;20;45;30;32;20;45;30;30;20;45;200;123;100;300;200;121;100;300;200;130;100;300;200;131;100;300;4;2;0.4;6;4;5;0.4;6;4;2;0.4;6;4;6;0.4;6;4;2;0.4;6;4;6;0.4;6;4;2;0.4;6;4;6;0.4;6;NOK;NOK;OK;8000;8030;7500;9000;OK;8.94;0;8;12;NOK;N/A;2.04;N/A;N/A;N/A;9;10.6;6;15;OK;;0;0;0;-;Disabled;TempOk;2;230;215.4;186.4;0;0;349.9;441064700 vw 001;441064700 vw 001;441064700 VW 001
20260328_23:45:28;23230;3;5;945;940.9;930;960;OK;945;947.8;930;960;OK;950.7;949.9;-20;-26.8;-50;-25;OK;-20;-21.6;-50;-25;NOK;-23.6;-21.5;0;-20;-26.9;-50;-25;OK;310;333;310;600;OK;0;0;N/A;N/A;N/A;N/A;N/A;N/A;N/A;N/A;N/A;N/A;N/A;N/A;N/A;N/A;N/A;N/A;N/A;N/A;N/A;N/A;N/A;N/A;N/A;N/A;N/A;N/A;N/A;N/A;N/A;N/A;N/A;N/A;N/A;N/A;N/A;N/A;N/A;N/A;N/A;N/A;N/A;N/A;N/A;N/A;N/A;N/A;N/A;N/A;N/A;N/A;N/A;N/A;N/A;N/A;N/A;N/A;N/A;N/A;N/A;N/A;N/A;N/A;N/A;N/A;N/A;N/A;N/A;N/A;N/A;N/A;N/A;N/A;N/A;N/A;N/A;N/A;N/A;N/A;N/A;N/A;N/A;N/A;N/A;N/A;N/A;N/A;N/A;N/A;N/A;N/A;N/A;N/A;N/A;N/A;N/A;N/A;N/A;N/A;;0;599.3;0;0;;Disabled;TempStop;2;740;465.6;472.1;0;0;599.9;549.9;Enabled;PosOk;2;0;0.6;8.3;0;0;15;Disabled;0;0;0;0;0;0;0;0;0;0;0;0;0;0;0;0;0;0;0;0;0;0;0;0;0;0;0;0;0;0;0;0;0;0;0;0;0;0;0;0;0;0;0;0;0;0;0;0;0;0;0;0;0;0;0;0;0;0;0;0;0;0;0;0;0;0;0;0;0;0;30;33;20;45;30;30;20;45;30;32;20;45;30;30;20;45;200;124;100;300;200;122;100;300;200;118;100;300;200;118;100;300;30;34;20;45;30;30;20;45;30;33;20;45;30;30;20;45;200;123;100;300;200;121;100;300;200;130;100;300;200;131;100;300;4;2;0.4;6;4;5;0.4;6;4;2;0.4;6;4;6;0.4;6;4;2;0.4;6;4;6;0.4;6;4;2;0.4;6;4;6;0.4;6;NOK;NOK;OK;8000;8024;7500;9000;OK;8.95;0;8;12;NOK;N/A;2.04;N/A;N/A;N/A;9;10.7;6;15;OK;;0;0;0;-;Disabled;TempOk;2;230;239.6;203.7;0;0;349.9;441064700 vw 001;441064700 vw 001;441064700 VW 001
20260328_23:45:47;23231;4;2;945;941;930;960;OK;945;948.7;930;960;OK;950.9;950.2;-15;-13.6;-50;-5;OK;-15;-14.2;-50;-5;OK;-14.4;-13.8;0;-15;-13.6;-50;-5;OK;310;333;310;600;OK;229.9;230.28;N/A;N/A;N/A;N/A;N/A;N/A;N/A;N/A;N/A;N/A;N/A;N/A;N/A;N/A;N/A;N/A;N/A;N/A;N/A;N/A;N/A;N/A;N/A;N/A;N/A;N/A;N/A;N/A;N/A;N/A;N/A;N/A;N/A;N/A;N/A;N/A;N/A;N/A;N/A;N/A;N/A;N/A;N/A;N/A;N/A;N/A;N/A;N/A;N/A;N/A;N/A;N/A;N/A;N/A;N/A;N/A;N/A;N/A;N/A;N/A;N/A;N/A;N/A;N/A;N/A;N/A;N/A;N/A;N/A;N/A;N/A;N/A;N/A;N/A;N/A;N/A;N/A;N/A;N/A;N/A;N/A;N/A;N/A;N/A;N/A;N/A;N/A;N/A;N/A;N/A;N/A;N/A;N/A;N/A;N/A;N/A;N/A;N/A;;0;604.5;0;0;;Disabled;TempStop;2;740;471.2;482.2;0;0;599.9;549.9;Enabled;PosOk;2;0;0.9;8.3;0;0;15;Disabled;0;0;0;0;0;0;0;0;0;0;0;0;0;0;0;0;0;0;0;0;0;0;0;0;0;0;0;0;0;0;0;0;0;0;0;0;0;0;0;0;0;0;0;0;0;0;0;0;0;0;0;0;0;0;0;0;0;0;0;0;0;0;0;0;0;0;0;0;0;0;30;33;20;45;30;30;20;45;30;33;20;45;30;30;20;45;200;124;100;300;200;122;100;300;200;118;100;300;200;118;100;300;30;34;20;45;30;30;20;45;30;34;20;45;30;30;20;45;200;123;100;300;200;121;100;300;200;130;100;300;200;131;100;300;4;2;0.4;6;4;5;0.4;6;4;2;0.4;6;4;5;0.4;6;4;2;0.4;6;4;6;0.4;6;4;2;0.4;6;4;6;0.4;6;NOK;NOK;OK;8000;8023;7500;9000;OK;8.93;0;8;12;NOK;N/A;2.04;N/A;N/A;N/A;9;10.7;6;15;OK;;0;0;0;-;Disabled;TempOk;2;230;254.2;223.5;0;0;349.9;441064700 vw 001;441064700 vw 001;441064700 VW 001
20260328_23:46:07;23232;3;2;945;935.7;930;960;OK;945;946.4;930;960;OK;947.2;946.3;-20;-31.3;-50;-25;OK;-20;-28.1;-50;-25;OK;-24.4;-25.8;0;-20;-31.5;-50;-25;OK;310;333;310;600;OK;0;0;N/A;N/A;N/A;N/A;N/A;N/A;N/A;N/A;N/A;N/A;N/A;N/A;N/A;N/A;N/A;N/A;N/A;N/A;N/A;N/A;N/A;N/A;N/A;N/A;N/A;N/A;N/A;N/A;N/A;N/A;N/A;N/A;N/A;N/A;N/A;N/A;N/A;N/A;N/A;N/A;N/A;N/A;N/A;N/A;N/A;N/A;N/A;N/A;N/A;N/A;N/A;N/A;N/A;N/A;N/A;N/A;N/A;N/A;N/A;N/A;N/A;N/A;N/A;N/A;N/A;N/A;N/A;N/A;N/A;N/A;N/A;N/A;N/A;N/A;N/A;N/A;N/A;N/A;N/A;N/A;N/A;N/A;N/A;N/A;N/A;N/A;N/A;N/A;N/A;N/A;N/A;N/A;N/A;N/A;N/A;N/A;N/A;N/A;;0;614;0;0;;Disabled;TempStop;2;740;480.7;490.7;0;0;599.9;549.9;Enabled;PosOk;2;0;1.5;8.3;0;0;15;Disabled;0;0;0;0;0;0;0;0;0;0;0;0;0;0;0;0;0;0;0;0;0;0;0;0;0;0;0;0;0;0;0;0;0;0;0;0;0;0;0;0;0;0;0;0;0;0;0;0;0;0;0;0;0;0;0;0;0;0;0;0;0;0;0;0;0;0;0;0;0;0;30;34;20;45;30;30;20;45;30;34;20;45;30;30;20;45;200;124;100;300;200;122;100;300;200;118;100;300;200;117;100;300;30;35;20;45;30;30;20;45;30;34;20;45;30;30;20;45;200;123;100;300;200;121;100;300;200;130;100;300;200;131;100;300;4;2;0.4;6;4;5;0.4;6;4;2;0.4;6;4;6;0.4;6;4;2;0.4;6;4;6;0.4;6;4;2;0.4;6;4;6;0.4;6;NOK;NOK;OK;8000;8019;7500;9000;OK;8.93;0;8;12;NOK;N/A;2.04;N/A;N/A;N/A;9;10.8;6;15;OK;;0;0;0;-;Disabled;TempOk;2;230;248.9;226.3;0;0;349.9;441064700 vw 001;441064700 vw 001;441064700 VW 001
20260328_23:46:26;23233;4;3;945;940;930;960;OK;945;949;930;960;OK;949.5;949.2;-15;-17.4;-50;-5;OK;-15;-17.7;-50;-5;OK;-16.1;-16.6;0;-15;-17.4;-50;-5;OK;310;333;310;600;OK;229.95;230.33;N/A;N/A;N/A;N/A;N/A;N/A;N/A;N/A;N/A;N/A;N/A;N/A;N/A;N/A;N/A;N/A;N/A;N/A;N/A;N/A;N/A;N/A;N/A;N/A;N/A;N/A;N/A;N/A;N/A;N/A;N/A;N/A;N/A;N/A;N/A;N/A;N/A;N/A;N/A;N/A;N/A;N/A;N/A;N/A;N/A;N/A;N/A;N/A;N/A;N/A;N/A;N/A;N/A;N/A;N/A;N/A;N/A;N/A;N/A;N/A;N/A;N/A;N/A;N/A;N/A;N/A;N/A;N/A;N/A;N/A;N/A;N/A;N/A;N/A;N/A;N/A;N/A;N/A;N/A;N/A;N/A;N/A;N/A;N/A;N/A;N/A;N/A;N/A;N/A;N/A;N/A;N/A;N/A;N/A;N/A;N/A;N/A;N/A;;0;600.8;0;0;;Disabled;TempStop;2;740;465.4;467;0;0;599.9;549.9;Enabled;PosOk;2;0;1.8;8.3;0;0;15;Disabled;0;0;0;0;0;0;0;0;0;0;0;0;0;0;0;0;0;0;0;0;0;0;0;0;0;0;0;0;0;0;0;0;0;0;0;0;0;0;0;0;0;0;0;0;0;0;0;0;0;0;0;0;0;0;0;0;0;0;0;0;0;0;0;0;0;0;0;0;0;0;30;34;20;45;30;30;20;45;30;34;20;45;30;30;20;45;200;123;100;300;200;122;100;300;200;118;100;300;200;117;100;300;30;35;20;45;30;30;20;45;30;34;20;45;30;30;20;45;200;122;100;300;200;121;100;300;200;130;100;300;200;131;100;300;4;2;0.4;6;4;5;0.4;6;4;2;0.4;6;4;5;0.4;6;4;2;0.4;6;4;6;0.4;6;4;2;0.4;6;4;6;0.4;6;NOK;NOK;OK;8000;8023;7500;9000;OK;8.93;0;8;12;NOK;N/A;2.04;N/A;N/A;N/A;9;10.7;6;15;OK;;0;0;0;-;Disabled;TempOk;2;230;253.5;233.2;0;0;349.9;441064700 vw 001;441064700 vw 001;441064700 VW 001
20260328_23:46:45;23234;1;3;945;937.8;930;960;OK;945;947.9;930;960;OK;949.9;948.9;-20;-18.5;-50;-25;NOK;-20;-18.3;-50;-25;NOK;-20.3;-18.5;0;-20;-18.6;-50;-25;NOK;310;333;310;600;OK;0;0;N/A;N/A;N/A;N/A;N/A;N/A;N/A;N/A;N/A;N/A;N/A;N/A;N/A;N/A;N/A;N/A;N/A;N/A;N/A;N/A;N/A;N/A;N/A;N/A;N/A;N/A;N/A;N/A;N/A;N/A;N/A;N/A;N/A;N/A;N/A;N/A;N/A;N/A;N/A;N/A;N/A;N/A;N/A;N/A;N/A;N/A;N/A;N/A;N/A;N/A;N/A;N/A;N/A;N/A;N/A;N/A;N/A;N/A;N/A;N/A;N/A;N/A;N/A;N/A;N/A;N/A;N/A;N/A;N/A;N/A;N/A;N/A;N/A;N/A;N/A;N/A;N/A;N/A;N/A;N/A;N/A;N/A;N/A;N/A;N/A;N/A;N/A;N/A;N/A;N/A;N/A;N/A;N/A;N/A;N/A;N/A;N/A;N/A;;0;589.8;0;0;;Disabled;TempStop;2;740;452.3;454.8;0;0;599.9;549.9;Enabled;PosOk;2;0;1.2;8.7;0;0;15;Disabled;0;0;0;0;0;0;0;0;0;0;0;0;0;0;0;0;0;0;0;0;0;0;0;0;0;0;0;0;0;0;0;0;0;0;0;0;0;0;0;0;0;0;0;0;0;0;0;0;0;0;0;0;0;0;0;0;0;0;0;0;0;0;0;0;0;0;0;0;0;0;30;34;20;45;30;29;20;45;30;35;20;45;30;29;20;45;200;124;100;300;200;122;100;300;200;118;100;300;200;117;100;300;30;34;20;45;30;29;20;45;30;34;20;45;30;29;20;45;200;122;100;300;200;121;100;300;200;130;100;300;200;131;100;300;4;2;0.4;6;4;5;0.4;6;4;2;0.4;6;4;5;0.4;6;4;2;0.4;6;4;6;0.4;6;4;2;0.4;6;4;6;0.4;6;NOK;NOK;OK;8000;8021;7500;9000;OK;8.94;0;8;12;NOK;N/A;2.04;N/A;N/A;N/A;9;10.8;6;15;OK;;0;0;0;-;Disabled;TempOk;2;230;260.9;238.1;0;0;349.9;441064700 vw 001;441064700 vw 001;441064700 VW 001
20260328_23:47:04;23235;2;4;945;936.6;930;960;OK;945;945.2;930;960;OK;945.2;945.3;-15;-28.9;-50;-20;OK;-15;-35.3;-50;-20;OK;-28.9;-31.2;0;-15;-29.1;-50;-20;OK;310;333;310;600;OK;0;0;N/A;N/A;N/A;N/A;N/A;N/A;N/A;N/A;N/A;N/A;N/A;N/A;N/A;N/A;N/A;N/A;N/A;N/A;N/A;N/A;N/A;N/A;N/A;N/A;N/A;N/A;N/A;N/A;N/A;N/A;N/A;N/A;N/A;N/A;N/A;N/A;N/A;N/A;N/A;N/A;N/A;N/A;N/A;N/A;N/A;N/A;N/A;N/A;N/A;N/A;N/A;N/A;N/A;N/A;N/A;N/A;N/A;N/A;N/A;N/A;N/A;N/A;N/A;N/A;N/A;N/A;N/A;N/A;N/A;N/A;N/A;N/A;N/A;N/A;N/A;N/A;N/A;N/A;N/A;N/A;N/A;N/A;N/A;N/A;N/A;N/A;N/A;N/A;N/A;N/A;N/A;N/A;N/A;N/A;N/A;N/A;N/A;N/A;;0;623.8;0;0;;Disabled;TempStop;2;740;483.7;486.8;0;0;599.9;549.9;Enabled;PosOk;2;0;1.8;8.7;0;0;15;Disabled;0;0;0;0;0;0;0;0;0;0;0;0;0;0;0;0;0;0;0;0;0;0;0;0;0;0;0;0;0;0;0;0;0;0;0;0;0;0;0;0;0;0;0;0;0;0;0;0;0;0;0;0;0;0;0;0;0;0;0;0;0;0;0;0;0;0;0;0;0;0;30;34;20;45;30;29;20;45;30;34;20;45;30;29;20;45;200;124;100;300;200;122;100;300;200;118;100;300;200;117;100;300;30;34;20;45;30;29;20;45;30;34;20;45;30;29;20;45;200;123;100;300;200;122;100;300;200;130;100;300;200;130;100;300;4;2;0.4;6;4;5;0.4;6;4;2;0.4;6;4;5;0.4;6;4;2;0.4;6;4;5;0.4;6;4;2;0.4;6;4;5;0.4;6;NOK;NOK;OK;8000;8022;7500;9000;OK;8.94;0;8;12;NOK;N/A;2.04;N/A;N/A;N/A;9;10.6;6;15;OK;;0;0;0;-;Disabled;TempOk;2;230;254.1;232;0;0;349.9;441064700 vw 001;441064700 vw 001;441064700 VW 001
20260328_23:47:23;23236;3;3;945;937.9;930;960;OK;945;948.4;930;960;OK;949.3;949;-20;-26.5;-50;-25;OK;-20;-23.6;-50;-25;NOK;-20.6;-21.9;0;-20;-26.5;-50;-25;OK;310;333;310;600;OK;0;0;N/A;N/A;N/A;N/A;N/A;N/A;N/A;N/A;N/A;N/A;N/A;N/A;N/A;N/A;N/A;N/A;N/A;N/A;N/A;N/A;N/A;N/A;N/A;N/A;N/A;N/A;N/A;N/A;N/A;N/A;N/A;N/A;N/A;N/A;N/A;N/A;N/A;N/A;N/A;N/A;N/A;N/A;N/A;N/A;N/A;N/A;N/A;N/A;N/A;N/A;N/A;N/A;N/A;N/A;N/A;N/A;N/A;N/A;N/A;N/A;N/A;N/A;N/A;N/A;N/A;N/A;N/A;N/A;N/A;N/A;N/A;N/A;N/A;N/A;N/A;N/A;N/A;N/A;N/A;N/A;N/A;N/A;N/A;N/A;N/A;N/A;N/A;N/A;N/A;N/A;N/A;N/A;N/A;N/A;N/A;N/A;N/A;N/A;;0;602;0;0;;Disabled;TempStop;2;740;469.6;476.5;0;0;599.9;549.9;Enabled;PosOk;2;0;1.8;8.7;0;0;15;Disabled;0;0;0;0;0;0;0;0;0;0;0;0;0;0;0;0;0;0;0;0;0;0;0;0;0;0;0;0;0;0;0;0;0;0;0;0;0;0;0;0;0;0;0;0;0;0;0;0;0;0;0;0;0;0;0;0;0;0;0;0;0;0;0;0;0;0;0;0;0;0;30;34;20;45;30;29;20;45;30;34;20;45;30;29;20;45;200;124;100;300;200;122;100;300;200;117;100;300;200;118;100;300;30;34;20;45;30;29;20;45;30;33;20;45;30;29;20;45;200;123;100;300;200;121;100;300;200;130;100;300;200;131;100;300;4;2;0.4;6;4;5;0.4;6;4;2;0.4;6;4;6;0.4;6;4;2;0.4;6;4;6;0.4;6;4;2;0.4;6;4;6;0.4;6;NOK;NOK;OK;8000;8022;7500;9000;OK;8.93;0;8;12;NOK;N/A;2.04;N/A;N/A;N/A;9;10.9;6;15;OK;;0;0;0;-;Disabled;TempOk;2;230;250.5;229.3;0;0;349.9;441064700 vw 001;441064700 vw 001;441064700 VW 001
20260328_23:47:42;23237;4;4;945;926.1;930;960;NOK;945;950;930;960;OK;949.2;949.8;-15;-11;-50;-5;OK;-15;-11.4;-50;-5;OK;-17;-16.9;0;-15;-11;-50;-5;OK;310;333;310;600;OK;230.04;230.42;N/A;N/A;N/A;N/A;N/A;N/A;N/A;N/A;N/A;N/A;N/A;N/A;N/A;N/A;N/A;N/A;N/A;N/A;N/A;N/A;N/A;N/A;N/A;N/A;N/A;N/A;N/A;N/A;N/A;N/A;N/A;N/A;N/A;N/A;N/A;N/A;N/A;N/A;N/A;N/A;N/A;N/A;N/A;N/A;N/A;N/A;N/A;N/A;N/A;N/A;N/A;N/A;N/A;N/A;N/A;N/A;N/A;N/A;N/A;N/A;N/A;N/A;N/A;N/A;N/A;N/A;N/A;N/A;N/A;N/A;N/A;N/A;N/A;N/A;N/A;N/A;N/A;N/A;N/A;N/A;N/A;N/A;N/A;N/A;N/A;N/A;N/A;N/A;N/A;N/A;N/A;N/A;N/A;N/A;N/A;N/A;N/A;N/A;;0;596.2;0;0;;Disabled;TempStop;2;740;446.9;454.6;0;0;599.9;549.9;Enabled;PosOk;2;0;0.3;8.3;0;0;15;Disabled;0;0;0;0;0;0;0;0;0;0;0;0;0;0;0;0;0;0;0;0;0;0;0;0;0;0;0;0;0;0;0;0;0;0;0;0;0;0;0;0;0;0;0;0;0;0;0;0;0;0;0;0;0;0;0;0;0;0;0;0;0;0;0;0;0;0;0;0;0;0;30;34;20;45;30;29;20;45;30;34;20;45;30;29;20;45;200;124;100;300;200;122;100;300;200;118;100;300;200;118;100;300;30;34;20;45;30;29;20;45;30;33;20;45;30;29;20;45;200;122;100;300;200;121;100;300;200;130;100;300;200;130;100;300;4;2;0.4;6;4;5;0.4;6;4;2;0.4;6;4;5;0.4;6;4;2;0.4;6;4;5;0.4;6;4;2;0.4;6;4;6;0.4;6;NOK;NOK;OK;8000;8014;7500;9000;OK;8.92;0;8;12;NOK;N/A;2.04;N/A;N/A;N/A;9;10.9;6;15;OK;;0;0;0;-;Disabled;TempOk;2;230;252.1;234.8;0;0;349.9;441064700 vw 001;441064700 vw 001;441064700 VW 001
20260328_23:48:02;23238;1;4;945;937;930;960;OK;945;946.2;930;960;OK;947.7;946.3;-20;-17.5;-50;-25;NOK;-20;-18.2;-50;-25;NOK;-19.3;-19.5;0;-20;-17.4;-50;-25;NOK;310;333;310;600;OK;0;0;N/A;N/A;N/A;N/A;N/A;N/A;N/A;N/A;N/A;N/A;N/A;N/A;N/A;N/A;N/A;N/A;N/A;N/A;N/A;N/A;N/A;N/A;N/A;N/A;N/A;N/A;N/A;N/A;N/A;N/A;N/A;N/A;N/A;N/A;N/A;N/A;N/A;N/A;N/A;N/A;N/A;N/A;N/A;N/A;N/A;N/A;N/A;N/A;N/A;N/A;N/A;N/A;N/A;N/A;N/A;N/A;N/A;N/A;N/A;N/A;N/A;N/A;N/A;N/A;N/A;N/A;N/A;N/A;N/A;N/A;N/A;N/A;N/A;N/A;N/A;N/A;N/A;N/A;N/A;N/A;N/A;N/A;N/A;N/A;N/A;N/A;N/A;N/A;N/A;N/A;N/A;N/A;N/A;N/A;N/A;N/A;N/A;N/A;;0;605;0;0;;Disabled;TempStop;2;740;466.1;474.1;0;0;599.9;549.9;Enabled;PosOk;2;0;0.9;9;0;0;15;Disabled;0;0;0;0;0;0;0;0;0;0;0;0;0;0;0;0;0;0;0;0;0;0;0;0;0;0;0;0;0;0;0;0;0;0;0;0;0;0;0;0;0;0;0;0;0;0;0;0;0;0;0;0;0;0;0;0;0;0;0;0;0;0;0;0;0;0;0;0;0;0;30;33;20;45;30;29;20;45;30;33;20;45;30;29;20;45;200;124;100;300;200;122;100;300;200;117;100;300;200;117;100;300;30;34;20;45;30;29;20;45;30;33;20;45;30;30;20;45;200;123;100;300;200;121;100;300;200;130;100;300;200;131;100;300;4;2;0.4;6;4;5;0.4;6;4;2;0.4;6;4;5;0.4;6;4;2;0.4;6;4;6;0.4;6;4;2;0.4;6;4;6;0.4;6;NOK;NOK;OK;8000;8021;7500;9000;OK;8.93;0;8;12;NOK;N/A;2.04;N/A;N/A;N/A;9;10.9;6;15;OK;;0;0;0;-;Disabled;TempOk;2;230;261.8;234.5;0;0;349.9;441064700 vw 001;441064700 vw 001;441064700 VW 001
20260328_23:48:21;23239;4;1;945;935.5;930;960;OK;945;947.3;930;960;OK;947.5;946.9;-15;-15.8;-50;-5;OK;-15;-15.9;-50;-5;OK;-15.8;-16.3;0;-15;-15.9;-50;-5;OK;310;333;310;600;OK;230.08;230.46;N/A;N/A;N/A;N/A;N/A;N/A;N/A;N/A;N/A;N/A;N/A;N/A;N/A;N/A;N/A;N/A;N/A;N/A;N/A;N/A;N/A;N/A;N/A;N/A;N/A;N/A;N/A;N/A;N/A;N/A;N/A;N/A;N/A;N/A;N/A;N/A;N/A;N/A;N/A;N/A;N/A;N/A;N/A;N/A;N/A;N/A;N/A;N/A;N/A;N/A;N/A;N/A;N/A;N/A;N/A;N/A;N/A;N/A;N/A;N/A;N/A;N/A;N/A;N/A;N/A;N/A;N/A;N/A;N/A;N/A;N/A;N/A;N/A;N/A;N/A;N/A;N/A;N/A;N/A;N/A;N/A;N/A;N/A;N/A;N/A;N/A;N/A;N/A;N/A;N/A;N/A;N/A;N/A;N/A;N/A;N/A;N/A;N/A;;0;606.1;0;0;;Disabled;TempStop;2;740;464.3;475.5;0;0;599.9;549.9;Enabled;PosOk;2;0;1.8;8.7;0;0;15;Disabled;0;0;0;0;0;0;0;0;0;0;0;0;0;0;0;0;0;0;0;0;0;0;0;0;0;0;0;0;0;0;0;0;0;0;0;0;0;0;0;0;0;0;0;0;0;0;0;0;0;0;0;0;0;0;0;0;0;0;0;0;0;0;0;0;0;0;0;0;0;0;30;33;20;45;30;29;20;45;30;34;20;45;30;29;20;45;200;124;100;300;200;122;100;300;200;118;100;300;200;117;100;300;30;34;20;45;30;29;20;45;30;34;20;45;30;30;20;45;200;123;100;300;200;121;100;300;200;130;100;300;200;131;100;300;4;2;0.4;6;4;5;0.4;6;4;2;0.4;6;4;5;0.4;6;4;2;0.4;6;4;6;0.4;6;4;2;0.4;6;4;6;0.4;6;NOK;NOK;OK;8000;8023;7500;9000;OK;8.94;0;8;12;NOK;N/A;2.04;N/A;N/A;N/A;9;11.3;6;15;OK;;0;0;0;-;Disabled;TempOk;2;230;252.4;239.7;0;0;349.9;441064700 vw 001;441064700 vw 001;441064700 VW 001
20260328_23:48:40;23240;3;4;945;937.8;930;960;OK;945;948.1;930;960;OK;949.2;948.7;-20;-25.5;-50;-25;OK;-20;-24.4;-50;-25;NOK;-26.6;-27;0;-20;-25.2;-50;-25;OK;310;333;310;600;OK;0;0;N/A;N/A;N/A;N/A;N/A;N/A;N/A;N/A;N/A;N/A;N/A;N/A;N/A;N/A;N/A;N/A;N/A;N/A;N/A;N/A;N/A;N/A;N/A;N/A;N/A;N/A;N/A;N/A;N/A;N/A;N/A;N/A;N/A;N/A;N/A;N/A;N/A;N/A;N/A;N/A;N/A;N/A;N/A;N/A;N/A;N/A;N/A;N/A;N/A;N/A;N/A;N/A;N/A;N/A;N/A;N/A;N/A;N/A;N/A;N/A;N/A;N/A;N/A;N/A;N/A;N/A;N/A;N/A;N/A;N/A;N/A;N/A;N/A;N/A;N/A;N/A;N/A;N/A;N/A;N/A;N/A;N/A;N/A;N/A;N/A;N/A;N/A;N/A;N/A;N/A;N/A;N/A;N/A;N/A;N/A;N/A;N/A;N/A;;0;596;0;0;;Disabled;TempStop;2;740;452;461.6;0;0;599.9;549.9;Enabled;PosOk;2;0;0.3;8.3;0;0;15;Disabled;0;0;0;0;0;0;0;0;0;0;0;0;0;0;0;0;0;0;0;0;0;0;0;0;0;0;0;0;0;0;0;0;0;0;0;0;0;0;0;0;0;0;0;0;0;0;0;0;0;0;0;0;0;0;0;0;0;0;0;0;0;0;0;0;0;0;0;0;0;0;30;34;20;45;30;30;20;45;30;34;20;45;30;30;20;45;200;124;100;300;200;122;100;300;200;118;100;300;200;117;100;300;30;34;20;45;30;30;20;45;30;34;20;45;30;30;20;45;200;123;100;300;200;121;100;300;200;130;100;300;200;130;100;300;4;2;0.4;6;4;5;0.4;6;4;2;0.4;6;4;5;0.4;6;4;2;0.4;6;4;5;0.4;6;4;2;0.4;6;4;5;0.4;6;NOK;NOK;OK;8000;8024;7500;9000;OK;8.94;0;8;12;NOK;N/A;2.04;N/A;N/A;N/A;9;10.8;6;15;OK;;0;0;0;-;Disabled;TempOk;2;230;260.2;236.3;0;0;349.9;441064700 vw 001;441064700 vw 001;441064700 VW 001
20260328_23:49:57;23242;1;2;945;936.7;930;960;OK;945;947.3;930;960;OK;949.2;948.8;-20;-20.7;-50;-25;NOK;-20;-20.2;-50;-25;NOK;-20.8;-20.6;0;-20;-20.7;-50;-25;NOK;310;333;310;600;OK;0;0;N/A;N/A;N/A;N/A;N/A;N/A;N/A;N/A;N/A;N/A;N/A;N/A;N/A;N/A;N/A;N/A;N/A;N/A;N/A;N/A;N/A;N/A;N/A;N/A;N/A;N/A;N/A;N/A;N/A;N/A;N/A;N/A;N/A;N/A;N/A;N/A;N/A;N/A;N/A;N/A;N/A;N/A;N/A;N/A;N/A;N/A;N/A;N/A;N/A;N/A;N/A;N/A;N/A;N/A;N/A;N/A;N/A;N/A;N/A;N/A;N/A;N/A;N/A;N/A;N/A;N/A;N/A;N/A;N/A;N/A;N/A;N/A;N/A;N/A;N/A;N/A;N/A;N/A;N/A;N/A;N/A;N/A;N/A;N/A;N/A;N/A;N/A;N/A;N/A;N/A;N/A;N/A;N/A;N/A;N/A;N/A;N/A;N/A;;0;595.1;0;0;;Disabled;TempStop;2;740;458.8;471.2;0;0;599.9;549.9;Enabled;PosOk;2;0;0.9;8.3;0;0;15;Disabled;0;0;0;0;0;0;0;0;0;0;0;0;0;0;0;0;0;0;0;0;0;0;0;0;0;0;0;0;0;0;0;0;0;0;0;0;0;0;0;0;0;0;0;0;0;0;0;0;0;0;0;0;0;0;0;0;0;0;0;0;0;0;0;0;0;0;0;0;0;0;30;31;20;45;30;30;20;45;30;31;20;45;30;30;20;45;200;123;100;300;200;122;100;300;200;118;100;300;200;118;100;300;30;32;20;45;30;30;20;45;30;32;20;45;30;30;20;45;200;123;100;300;200;121;100;300;200;130;100;300;200;130;100;300;4;2;0.4;6;4;5;0.4;6;4;2;0.4;6;4;5;0.4;6;4;2;0.4;6;4;5;0.4;6;4;2;0.4;6;4;6;0.4;6;NOK;NOK;OK;8000;8028;7500;9000;OK;8.94;0;8;12;NOK;N/A;2.04;N/A;N/A;N/A;9;10.8;6;15;OK;;0;0;0;-;Disabled;TempOk;2;230;209.1;180.4;0;0;349.9;441064700 vw 001;441064700 vw 001;441064700 VW 001
20260328_23:50:54;23241;2;2;945;935.6;930;960;OK;945;945.2;930;960;OK;945.4;945.3;-15;-31.2;-50;-20;OK;-15;-30.6;-50;-20;OK;-25.6;-27.5;0;-15;-31.4;-50;-20;OK;310;333;310;600;OK;0;0;N/A;N/A;N/A;N/A;N/A;N/A;N/A;N/A;N/A;N/A;N/A;N/A;N/A;N/A;N/A;N/A;N/A;N/A;N/A;N/A;N/A;N/A;N/A;N/A;N/A;N/A;N/A;N/A;N/A;N/A;N/A;N/A;N/A;N/A;N/A;N/A;N/A;N/A;N/A;N/A;N/A;N/A;N/A;N/A;N/A;N/A;N/A;N/A;N/A;N/A;N/A;N/A;N/A;N/A;N/A;N/A;N/A;N/A;N/A;N/A;N/A;N/A;N/A;N/A;N/A;N/A;N/A;N/A;N/A;N/A;N/A;N/A;N/A;N/A;N/A;N/A;N/A;N/A;N/A;N/A;N/A;N/A;N/A;N/A;N/A;N/A;N/A;N/A;N/A;N/A;N/A;N/A;N/A;N/A;N/A;N/A;N/A;N/A;;0;613.8;0;0;;Disabled;TempStop;2;740;477.9;482.4;0;0;599.9;549.9;Enabled;PosOk;2;0;2.1;8.7;0;0;15;Disabled;0;0;0;0;0;0;0;0;0;0;0;0;0;0;0;0;0;0;0;0;0;0;0;0;0;0;0;0;0;0;0;0;0;0;0;0;0;0;0;0;0;0;0;0;0;0;0;0;0;0;0;0;0;0;0;0;0;0;0;0;0;0;0;0;0;0;0;0;0;0;30;31;20;45;30;30;20;45;30;31;20;45;30;30;20;45;200;123;100;300;200;122;100;300;200;118;100;300;200;117;100;300;30;32;20;45;30;30;20;45;30;32;20;45;30;30;20;45;200;122;100;300;200;121;100;300;200;130;100;300;200;131;100;300;4;2;0.4;6;4;6;0.4;6;4;2;0.4;6;4;6;0.4;6;4;2;0.4;6;4;6;0.4;6;4;2;0.4;6;4;6;0.4;6;NOK;NOK;OK;8000;8019;7500;9000;OK;8.92;0;8;12;NOK;N/A;2.04;N/A;N/A;N/A;9;10.7;6;15;OK;;0;0;0;-;Disabled;TempOk;2;230;212.6;190.8;0;0;349.9;441064700 vw 001;441064700 vw 001;441064700 VW 001
20260328_23:51:13;23243;3;5;945;941.7;930;960;OK;945;949.4;930;960;OK;951.4;951;-20;-22;-50;-25;NOK;-20;-20.8;-50;-25;NOK;-22.9;-20.9;0;-20;-22.1;-50;-25;NOK;310;333;310;600;OK;0;0;N/A;N/A;N/A;N/A;N/A;N/A;N/A;N/A;N/A;N/A;N/A;N/A;N/A;N/A;N/A;N/A;N/A;N/A;N/A;N/A;N/A;N/A;N/A;N/A;N/A;N/A;N/A;N/A;N/A;N/A;N/A;N/A;N/A;N/A;N/A;N/A;N/A;N/A;N/A;N/A;N/A;N/A;N/A;N/A;N/A;N/A;N/A;N/A;N/A;N/A;N/A;N/A;N/A;N/A;N/A;N/A;N/A;N/A;N/A;N/A;N/A;N/A;N/A;N/A;N/A;N/A;N/A;N/A;N/A;N/A;N/A;N/A;N/A;N/A;N/A;N/A;N/A;N/A;N/A;N/A;N/A;N/A;N/A;N/A;N/A;N/A;N/A;N/A;N/A;N/A;N/A;N/A;N/A;N/A;N/A;N/A;N/A;N/A;;0;600.8;0;0;;Disabled;TempStop;2;740;462.6;468.1;0;0;599.9;549.9;Enabled;PosOk;2;0;0.3;8.3;0;0;15;Disabled;0;0;0;0;0;0;0;0;0;0;0;0;0;0;0;0;0;0;0;0;0;0;0;0;0;0;0;0;0;0;0;0;0;0;0;0;0;0;0;0;0;0;0;0;0;0;0;0;0;0;0;0;0;0;0;0;0;0;0;0;0;0;0;0;0;0;0;0;0;0;30;33;20;45;30;30;20;45;30;33;20;45;30;30;20;45;200;123;100;300;200;122;100;300;200;118;100;300;200;118;100;300;30;34;20;45;30;30;20;45;30;33;20;45;30;30;20;45;200;122;100;300;200;121;100;300;200;130;100;300;200;130;100;300;4;2;0.4;6;4;5;0.4;6;4;2;0.4;6;4;5;0.4;6;4;2;0.4;6;4;6;0.4;6;4;2;0.4;6;4;6;0.4;6;NOK;NOK;OK;8000;8021;7500;9000;OK;8.94;0;8;12;NOK;N/A;2.04;N/A;N/A;N/A;9;11;6;15;OK;;0;0;0;-;Disabled;TempOk;2;230;249.2;208.2;0;0;349.9;441064700 vw 001;441064700 vw 001;441064700 VW 001
20260328_23:51:33;23244;4;2;945;939;930;960;OK;945;951.4;930;960;OK;952.3;952.8;-15;-14.3;-50;-5;OK;-15;-13.3;-50;-5;OK;-14.4;-13.3;0;-15;-14.4;-50;-5;OK;310;333;310;600;OK;230.29;230.63;N/A;N/A;N/A;N/A;N/A;N/A;N/A;N/A;N/A;N/A;N/A;N/A;N/A;N/A;N/A;N/A;N/A;N/A;N/A;N/A;N/A;N/A;N/A;N/A;N/A;N/A;N/A;N/A;N/A;N/A;N/A;N/A;N/A;N/A;N/A;N/A;N/A;N/A;N/A;N/A;N/A;N/A;N/A;N/A;N/A;N/A;N/A;N/A;N/A;N/A;N/A;N/A;N/A;N/A;N/A;N/A;N/A;N/A;N/A;N/A;N/A;N/A;N/A;N/A;N/A;N/A;N/A;N/A;N/A;N/A;N/A;N/A;N/A;N/A;N/A;N/A;N/A;N/A;N/A;N/A;N/A;N/A;N/A;N/A;N/A;N/A;N/A;N/A;N/A;N/A;N/A;N/A;N/A;N/A;N/A;N/A;N/A;N/A;;0;608.6;0;0;;Disabled;TempStop;2;740;470.1;483.4;0;0;599.9;549.9;Enabled;PosOk;2;0;2.1;8.3;0;0;15;Disabled;0;0;0;0;0;0;0;0;0;0;0;0;0;0;0;0;0;0;0;0;0;0;0;0;0;0;0;0;0;0;0;0;0;0;0;0;0;0;0;0;0;0;0;0;0;0;0;0;0;0;0;0;0;0;0;0;0;0;0;0;0;0;0;0;0;0;0;0;0;0;30;34;20;45;30;30;20;45;30;34;20;45;30;30;20;45;200;124;100;300;200;122;100;300;200;118;100;300;200;117;100;300;30;34;20;45;30;30;20;45;30;34;20;45;30;30;20;45;200;123;100;300;200;121;100;300;200;130;100;300;200;131;100;300;4;2;0.4;6;4;5;0.4;6;4;2;0.4;6;4;5;0.4;6;4;2;0.4;6;4;5;0.4;6;4;2;0.4;6;4;6;0.4;6;NOK;NOK;OK;8000;8020;7500;9000;OK;8.93;0;8;12;NOK;N/A;2.04;N/A;N/A;N/A;9;10.8;6;15;OK;;0;0;0;-;Disabled;TempOk;2;230;257.5;224.4;0;0;349.9;441064700 vw 001;441064700 vw 001;441064700 VW 001
20260328_23:51:52;23245;3;2;945;935.2;930;960;OK;945;946.7;930;960;OK;947.5;946.7;-20;-28.6;-50;-25;OK;-20;-27.4;-50;-25;OK;-23.9;-25.3;0;-20;-28.7;-50;-25;OK;310;333;310;600;OK;0;0;N/A;N/A;N/A;N/A;N/A;N/A;N/A;N/A;N/A;N/A;N/A;N/A;N/A;N/A;N/A;N/A;N/A;N/A;N/A;N/A;N/A;N/A;N/A;N/A;N/A;N/A;N/A;N/A;N/A;N/A;N/A;N/A;N/A;N/A;N/A;N/A;N/A;N/A;N/A;N/A;N/A;N/A;N/A;N/A;N/A;N/A;N/A;N/A;N/A;N/A;N/A;N/A;N/A;N/A;N/A;N/A;N/A;N/A;N/A;N/A;N/A;N/A;N/A;N/A;N/A;N/A;N/A;N/A;N/A;N/A;N/A;N/A;N/A;N/A;N/A;N/A;N/A;N/A;N/A;N/A;N/A;N/A;N/A;N/A;N/A;N/A;N/A;N/A;N/A;N/A;N/A;N/A;N/A;N/A;N/A;N/A;N/A;N/A;;0;606.8;0;0;;Disabled;TempStop;2;740;468.8;473.6;0;0;599.9;549.9;Enabled;PosOk;2;0;0.9;8.3;0;0;15;Disabled;0;0;0;0;0;0;0;0;0;0;0;0;0;0;0;0;0;0;0;0;0;0;0;0;0;0;0;0;0;0;0;0;0;0;0;0;0;0;0;0;0;0;0;0;0;0;0;0;0;0;0;0;0;0;0;0;0;0;0;0;0;0;0;0;0;0;0;0;0;0;30;34;20;45;30;30;20;45;30;34;20;45;30;30;20;45;200;124;100;300;200;121;100;300;200;118;100;300;200;117;100;300;30;34;20;45;30;30;20;45;30;34;20;45;30;30;20;45;200;123;100;300;200;121;100;300;200;130;100;300;200;131;100;300;4;2;0.4;6;4;5;0.4;6;4;2;0.4;6;4;5;0.4;6;4;2;0.4;6;4;6;0.4;6;4;2;0.4;6;4;6;0.4;6;NOK;NOK;OK;8000;8024;7500;9000;OK;8.94;0;8;12;NOK;N/A;2.04;N/A;N/A;N/A;9;11;6;15;OK;;0;0;0;-;Disabled;TempOk;2;230;253.5;236.3;0;0;349.9;441064700 vw 001;441064700 vw 001;441064700 VW 001
20260328_23:52:11;23246;4;3;945;941.3;930;960;OK;945;950.2;930;960;OK;950.4;950.3;-15;-17.8;-50;-5;OK;-15;-16.7;-50;-5;OK;-15.7;-16.2;0;-15;-17.9;-50;-5;OK;310;333;310;600;OK;230.34;230.68;N/A;N/A;N/A;N/A;N/A;N/A;N/A;N/A;N/A;N/A;N/A;N/A;N/A;N/A;N/A;N/A;N/A;N/A;N/A;N/A;N/A;N/A;N/A;N/A;N/A;N/A;N/A;N/A;N/A;N/A;N/A;N/A;N/A;N/A;N/A;N/A;N/A;N/A;N/A;N/A;N/A;N/A;N/A;N/A;N/A;N/A;N/A;N/A;N/A;N/A;N/A;N/A;N/A;N/A;N/A;N/A;N/A;N/A;N/A;N/A;N/A;N/A;N/A;N/A;N/A;N/A;N/A;N/A;N/A;N/A;N/A;N/A;N/A;N/A;N/A;N/A;N/A;N/A;N/A;N/A;N/A;N/A;N/A;N/A;N/A;N/A;N/A;N/A;N/A;N/A;N/A;N/A;N/A;N/A;N/A;N/A;N/A;N/A;;0;596.5;0;0;;Disabled;TempStop;2;740;444.2;450.8;0;0;599.9;549.9;Enabled;PosOk;2;0;1.8;9;0;0;15;Disabled;0;0;0;0;0;0;0;0;0;0;0;0;0;0;0;0;0;0;0;0;0;0;0;0;0;0;0;0;0;0;0;0;0;0;0;0;0;0;0;0;0;0;0;0;0;0;0;0;0;0;0;0;0;0;0;0;0;0;0;0;0;0;0;0;0;0;0;0;0;0;30;34;20;45;30;29;20;45;30;34;20;45;30;29;20;45;200;124;100;300;200;122;100;300;200;118;100;300;200;117;100;300;30;34;20;45;30;29;20;45;30;34;20;45;30;29;20;45;200;123;100;300;200;121;100;300;200;130;100;300;200;131;100;300;4;2;0.4;6;4;5;0.4;6;4;2;0.4;6;4;5;0.4;6;4;2;0.4;6;4;6;0.4;6;4;2;0.4;6;4;6;0.4;6;NOK;NOK;OK;8000;8017;7500;9000;OK;8.93;0;8;12;NOK;N/A;2.04;N/A;N/A;N/A;9;11.4;6;15;OK;;0;0;0;-;Disabled;TempOk;2;230;263.1;240.2;0;0;349.9;441064700 vw 001;441064700 vw 001;441064700 VW 001
20260328_23:52:30;23247;1;3;945;938.1;930;960;OK;945;949.2;930;960;OK;950.6;949.8;-20;-18.6;-50;-25;NOK;-20;-18.3;-50;-25;NOK;-20.1;-18.4;0;-20;-18.6;-50;-25;NOK;310;333;310;600;OK;0;0;N/A;N/A;N/A;N/A;N/A;N/A;N/A;N/A;N/A;N/A;N/A;N/A;N/A;N/A;N/A;N/A;N/A;N/A;N/A;N/A;N/A;N/A;N/A;N/A;N/A;N/A;N/A;N/A;N/A;N/A;N/A;N/A;N/A;N/A;N/A;N/A;N/A;N/A;N/A;N/A;N/A;N/A;N/A;N/A;N/A;N/A;N/A;N/A;N/A;N/A;N/A;N/A;N/A;N/A;N/A;N/A;N/A;N/A;N/A;N/A;N/A;N/A;N/A;N/A;N/A;N/A;N/A;N/A;N/A;N/A;N/A;N/A;N/A;N/A;N/A;N/A;N/A;N/A;N/A;N/A;N/A;N/A;N/A;N/A;N/A;N/A;N/A;N/A;N/A;N/A;N/A;N/A;N/A;N/A;N/A;N/A;N/A;N/A;;0;615.2;0;0;;Disabled;TempStop;2;740;474;478.8;0;0;599.9;549.9;Enabled;PosOk;2;0;0.3;9;0;0;15;Disabled;0;0;0;0;0;0;0;0;0;0;0;0;0;0;0;0;0;0;0;0;0;0;0;0;0;0;0;0;0;0;0;0;0;0;0;0;0;0;0;0;0;0;0;0;0;0;0;0;0;0;0;0;0;0;0;0;0;0;0;0;0;0;0;0;0;0;0;0;0;0;30;34;20;45;30;29;20;45;30;34;20;45;30;29;20;45;200;124;100;300;200;122;100;300;200;117;100;300;200;118;100;300;30;34;20;45;30;29;20;45;30;33;20;45;30;29;20;45;200;123;100;300;200;122;100;300;200;130;100;300;200;131;100;300;4;2;0.4;6;4;5;0.4;6;4;2;0.4;6;4;5;0.4;6;4;2;0.4;6;4;6;0.4;6;4;2;0.4;6;4;5;0.4;6;NOK;NOK;OK;8000;8015;7500;9000;OK;8.93;0;8;12;NOK;N/A;2.04;N/A;N/A;N/A;9;11.4;6;15;OK;;0;0;0;-;Disabled;TempOk;2;230;257.9;230.1;0;0;349.9;441064700 vw 001;441064700 vw 001;441064700 VW 001
20260328_23:52:49;23248;2;4;945;935.9;930;960;OK;945;945.4;930;960;OK;945.7;945.3;-15;-36.1;-50;-20;OK;-15;-35.2;-50;-20;OK;-28.9;-31.2;0;-15;-36.3;-50;-20;OK;310;333;310;600;OK;0;0;N/A;N/A;N/A;N/A;N/A;N/A;N/A;N/A;N/A;N/A;N/A;N/A;N/A;N/A;N/A;N/A;N/A;N/A;N/A;N/A;N/A;N/A;N/A;N/A;N/A;N/A;N/A;N/A;N/A;N/A;N/A;N/A;N/A;N/A;N/A;N/A;N/A;N/A;N/A;N/A;N/A;N/A;N/A;N/A;N/A;N/A;N/A;N/A;N/A;N/A;N/A;N/A;N/A;N/A;N/A;N/A;N/A;N/A;N/A;N/A;N/A;N/A;N/A;N/A;N/A;N/A;N/A;N/A;N/A;N/A;N/A;N/A;N/A;N/A;N/A;N/A;N/A;N/A;N/A;N/A;N/A;N/A;N/A;N/A;N/A;N/A;N/A;N/A;N/A;N/A;N/A;N/A;N/A;N/A;N/A;N/A;N/A;N/A;;0;618.2;0;0;;Disabled;TempStop;2;740;484.3;492.2;0;0;599.9;549.9;Enabled;PosOk;2;0;1.5;9;0;0;15;Disabled;0;0;0;0;0;0;0;0;0;0;0;0;0;0;0;0;0;0;0;0;0;0;0;0;0;0;0;0;0;0;0;0;0;0;0;0;0;0;0;0;0;0;0;0;0;0;0;0;0;0;0;0;0;0;0;0;0;0;0;0;0;0;0;0;0;0;0;0;0;0;30;34;20;45;30;29;20;45;30;34;20;45;30;29;20;45;200;124;100;300;200;122;100;300;200;118;100;300;200;117;100;300;30;34;20;45;30;29;20;45;30;33;20;45;30;29;20;45;200;122;100;300;200;121;100;300;200;130;100;300;200;131;100;300;4;2;0.4;6;4;5;0.4;6;4;2;0.4;6;4;5;0.4;6;4;2;0.4;6;4;6;0.4;6;4;2;0.4;6;4;6;0.4;6;NOK;NOK;OK;8000;8013;7500;9000;OK;8.92;0;8;12;NOK;N/A;2.04;N/A;N/A;N/A;9;10.8;6;15;OK;;0;0;0;-;Disabled;TempOk;2;230;255.5;236.9;0;0;349.9;441064700 vw 001;441064700 vw 001;441064700 VW 001
20260328_23:53:09;23249;3;3;945;939.3;930;960;OK;945;949.6;930;960;OK;949.9;949.9;-20;-23.7;-50;-25;NOK;-20;-22.8;-50;-25;NOK;-19.8;-21.1;0;-20;-23.7;-50;-25;NOK;310;333;310;600;OK;0;0;N/A;N/A;N/A;N/A;N/A;N/A;N/A;N/A;N/A;N/A;N/A;N/A;N/A;N/A;N/A;N/A;N/A;N/A;N/A;N/A;N/A;N/A;N/A;N/A;N/A;N/A;N/A;N/A;N/A;N/A;N/A;N/A;N/A;N/A;N/A;N/A;N/A;N/A;N/A;N/A;N/A;N/A;N/A;N/A;N/A;N/A;N/A;N/A;N/A;N/A;N/A;N/A;N/A;N/A;N/A;N/A;N/A;N/A;N/A;N/A;N/A;N/A;N/A;N/A;N/A;N/A;N/A;N/A;N/A;N/A;N/A;N/A;N/A;N/A;N/A;N/A;N/A;N/A;N/A;N/A;N/A;N/A;N/A;N/A;N/A;N/A;N/A;N/A;N/A;N/A;N/A;N/A;N/A;N/A;N/A;N/A;N/A;N/A;;0;603;0;0;;Disabled;TempStop;2;740;445.9;450.1;0;0;599.9;549.9;Enabled;PosOk;2;0;1.2;8.3;0;0;15;Disabled;0;0;0;0;0;0;0;0;0;0;0;0;0;0;0;0;0;0;0;0;0;0;0;0;0;0;0;0;0;0;0;0;0;0;0;0;0;0;0;0;0;0;0;0;0;0;0;0;0;0;0;0;0;0;0;0;0;0;0;0;0;0;0;0;0;0;0;0;0;0;30;33;20;45;30;29;20;45;30;34;20;45;30;29;20;45;200;124;100;300;200;122;100;300;200;118;100;300;200;118;100;300;30;34;20;45;30;29;20;45;30;33;20;45;30;29;20;45;200;123;100;300;200;121;100;300;200;130;100;300;200;131;100;300;4;2;0.4;6;4;5;0.4;6;4;2;0.4;6;4;5;0.4;6;4;2;0.4;6;4;6;0.4;6;4;2;0.4;6;4;5;0.4;6;NOK;NOK;OK;8000;8006;7500;9000;OK;8.91;0;8;12;NOK;N/A;2.04;N/A;N/A;N/A;9;11.3;6;15;OK;;0;0;0;-;Disabled;TempOk;2;230;262.5;236.7;0;0;349.9;441064700 vw 001;441064700 vw 001;441064700 VW 001
20260328_23:53:28;23250;4;4;945;926.2;930;960;NOK;945;950;930;960;OK;949.1;949.7;-15;-11.3;-50;-5;OK;-15;-10.6;-50;-5;OK;-16.1;-15.8;0;-15;-11.3;-50;-5;OK;310;333;310;600;OK;230.44;230.78;N/A;N/A;N/A;N/A;N/A;N/A;N/A;N/A;N/A;N/A;N/A;N/A;N/A;N/A;N/A;N/A;N/A;N/A;N/A;N/A;N/A;N/A;N/A;N/A;N/A;N/A;N/A;N/A;N/A;N/A;N/A;N/A;N/A;N/A;N/A;N/A;N/A;N/A;N/A;N/A;N/A;N/A;N/A;N/A;N/A;N/A;N/A;N/A;N/A;N/A;N/A;N/A;N/A;N/A;N/A;N/A;N/A;N/A;N/A;N/A;N/A;N/A;N/A;N/A;N/A;N/A;N/A;N/A;N/A;N/A;N/A;N/A;N/A;N/A;N/A;N/A;N/A;N/A;N/A;N/A;N/A;N/A;N/A;N/A;N/A;N/A;N/A;N/A;N/A;N/A;N/A;N/A;N/A;N/A;N/A;N/A;N/A;N/A;;0;594.5;0;0;;Disabled;TempStop;2;740;462.3;474;0;0;599.9;549.9;Enabled;PosOk;2;0;0;8.7;0;0;15;Disabled;0;0;0;0;0;0;0;0;0;0;0;0;0;0;0;0;0;0;0;0;0;0;0;0;0;0;0;0;0;0;0;0;0;0;0;0;0;0;0;0;0;0;0;0;0;0;0;0;0;0;0;0;0;0;0;0;0;0;0;0;0;0;0;0;0;0;0;0;0;0;30;34;20;45;30;29;20;45;30;34;20;45;30;29;20;45;200;124;100;300;200;122;100;300;200;118;100;300;200;117;100;300;30;34;20;45;30;30;20;45;30;34;20;45;30;30;20;45;200;123;100;300;200;122;100;300;200;130;100;300;200;130;100;300;4;2;0.4;6;4;5;0.4;6;4;2;0.4;6;4;5;0.4;6;4;2;0.4;6;4;6;0.4;6;4;2;0.4;6;4;6;0.4;6;NOK;NOK;OK;8000;8015;7500;9000;OK;8.97;0;8;12;NOK;N/A;2.04;N/A;N/A;N/A;9;11.3;6;15;OK;;0;0;0;-;Disabled;TempOk;2;230;251.4;239.6;0;0;349.9;441064700 vw 001;441064700 vw 001;441064700 VW 001
20260328_23:53:47;23251;1;4;945;937.7;930;960;OK;945;946.4;930;960;OK;948.3;947;-20;-17.7;-50;-25;NOK;-20;-18;-50;-25;NOK;-19.2;-19.3;0;-20;-17.7;-50;-25;NOK;310;333;310;600;OK;0;0;N/A;N/A;N/A;N/A;N/A;N/A;N/A;N/A;N/A;N/A;N/A;N/A;N/A;N/A;N/A;N/A;N/A;N/A;N/A;N/A;N/A;N/A;N/A;N/A;N/A;N/A;N/A;N/A;N/A;N/A;N/A;N/A;N/A;N/A;N/A;N/A;N/A;N/A;N/A;N/A;N/A;N/A;N/A;N/A;N/A;N/A;N/A;N/A;N/A;N/A;N/A;N/A;N/A;N/A;N/A;N/A;N/A;N/A;N/A;N/A;N/A;N/A;N/A;N/A;N/A;N/A;N/A;N/A;N/A;N/A;N/A;N/A;N/A;N/A;N/A;N/A;N/A;N/A;N/A;N/A;N/A;N/A;N/A;N/A;N/A;N/A;N/A;N/A;N/A;N/A;N/A;N/A;N/A;N/A;N/A;N/A;N/A;N/A;;0;599.7;0;0;;Disabled;TempStop;2;740;459.5;461.9;0;0;599.9;549.9;Enabled;PosOk;2;0;1.2;9;0;0;15;Disabled;0;0;0;0;0;0;0;0;0;0;0;0;0;0;0;0;0;0;0;0;0;0;0;0;0;0;0;0;0;0;0;0;0;0;0;0;0;0;0;0;0;0;0;0;0;0;0;0;0;0;0;0;0;0;0;0;0;0;0;0;0;0;0;0;0;0;0;0;0;0;30;34;20;45;30;29;20;45;30;34;20;45;30;29;20;45;200;124;100;300;200;122;100;300;200;118;100;300;200;118;100;300;30;34;20;45;30;29;20;45;30;34;20;45;30;29;20;45;200;123;100;300;200;121;100;300;200;130;100;300;200;130;100;300;4;2;0.4;6;4;5;0.4;6;4;2;0.4;6;4;5;0.4;6;4;2;0.4;6;4;5;0.4;6;4;2;0.4;6;4;6;0.4;6;NOK;NOK;OK;8000;8019;7500;9000;OK;8.93;0;8;12;NOK;N/A;2.04;N/A;N/A;N/A;9;10.7;6;15;OK;;0;0;0;-;Disabled;TempOk;2;230;256.2;243.8;0;0;349.9;441064700 vw 001;441064700 vw 001;441064700 VW 001
20260328_23:53:51;23252;4;1;945;938.9;930;960;OK;945;946.7;930;960;OK;947.4;946.4;-15;-15.6;-50;-5;OK;-15;-15.6;-50;-5;OK;-13.9;-14.7;0;-15;-15.6;-50;-5;OK;310;333;310;600;OK;230.47;230.83;N/A;N/A;N/A;N/A;N/A;N/A;N/A;N/A;N/A;N/A;N/A;N/A;N/A;N/A;N/A;N/A;N/A;N/A;N/A;N/A;N/A;N/A;N/A;N/A;N/A;N/A;N/A;N/A;N/A;N/A;N/A;N/A;N/A;N/A;N/A;N/A;N/A;N/A;N/A;N/A;N/A;N/A;N/A;N/A;N/A;N/A;N/A;N/A;N/A;N/A;N/A;N/A;N/A;N/A;N/A;N/A;N/A;N/A;N/A;N/A;N/A;N/A;N/A;N/A;N/A;N/A;N/A;N/A;N/A;N/A;N/A;N/A;N/A;N/A;N/A;N/A;N/A;N/A;N/A;N/A;N/A;N/A;N/A;N/A;N/A;N/A;N/A;N/A;N/A;N/A;N/A;N/A;N/A;N/A;N/A;N/A;N/A;N/A;;0;605.4;0;0;;Disabled;TempStop;2;740;469.9;479.4;0;0;599.9;549.9;Enabled;PosNotOk;2;0;16.2;8.7;0;0;15;Disabled;0;0;0;0;0;0;0;0;0;0;0;0;0;0;0;0;0;0;0;0;0;0;0;0;0;0;0;0;0;0;0;0;0;0;0;0;0;0;0;0;0;0;0;0;0;0;0;0;0;0;0;0;0;0;0;0;0;0;0;0;0;0;0;0;0;0;0;0;0;0;;;;;;;;;;;;;;;;;;;;;;;;;;;;;;;;;;;;;;;;;;;;;;;;;;;;;;;;;;;;;;;;;;;;;;;;;;;;;;;;;;;;;;;;;;;;;;;;;;;;;;;;;;;;;;;;;;;;;;;;;;;;;;;;;;;;;;441064700 vw 001;441064700 vw 001;;
20260328_23:56:51;23254;2;2;945;936.2;930;960;OK;945;945.3;930;960;OK;945.6;945.2;-15;-31.3;-50;-20;OK;-15;-31.2;-50;-20;OK;-25.1;-27.1;0;-15;-31.4;-50;-20;OK;310;360;310;600;OK;0;0;N/A;N/A;N/A;N/A;N/A;N/A;N/A;N/A;N/A;N/A;N/A;N/A;N/A;N/A;N/A;N/A;N/A;N/A;N/A;N/A;N/A;N/A;N/A;N/A;N/A;N/A;N/A;N/A;N/A;N/A;N/A;N/A;N/A;N/A;N/A;N/A;N/A;N/A;N/A;N/A;N/A;N/A;N/A;N/A;N/A;N/A;N/A;N/A;N/A;N/A;N/A;N/A;N/A;N/A;N/A;N/A;N/A;N/A;N/A;N/A;N/A;N/A;N/A;N/A;N/A;N/A;N/A;N/A;N/A;N/A;N/A;N/A;N/A;N/A;N/A;N/A;N/A;N/A;N/A;N/A;N/A;N/A;N/A;N/A;N/A;N/A;N/A;N/A;N/A;N/A;N/A;N/A;N/A;N/A;N/A;N/A;N/A;N/A;;0;616.8;0;0;;Disabled;TempStop;2;740;481.4;487.7;0;0;599.9;549.9;Enabled;PosNotOk;2;0;0.3;100;0;0;15;Disabled;0;0;0;0;0;0;0;0;0;0;0;0;0;0;0;0;0;0;0;0;0;0;0;0;0;0;0;0;0;0;0;0;0;0;0;0;0;0;0;0;0;0;0;0;0;0;0;0;0;0;0;0;0;0;0;0;0;0;0;0;0;0;0;0;0;0;0;0;0;0;;;;;;;;;;;;;;;;;;;;;;;;;;;;;;;;;;;;;;;;;;;;;;;;;;;;;;;;;;;;;;;;;;;;;;;;;;;;;;;;;;;;;;;;;;;;;;;;;;;;;;;;;;;;;;;;;;;;;;;;;;;;;;;;;;;;;;441064700 vw 001;441064700 vw 001;;
20260328_23:59:53;23257;4;2;945;941.6;930;960;OK;945;953.2;930;960;OK;951;951.3;-15;-13.4;-50;-5;OK;-15;-15.9;-50;-5;OK;-15.1;-14.5;0;-15;-13.5;-50;-5;OK;310;488;310;600;OK;230.65;231.18;N/A;N/A;N/A;N/A;N/A;N/A;N/A;N/A;N/A;N/A;N/A;N/A;N/A;N/A;N/A;N/A;N/A;N/A;N/A;N/A;N/A;N/A;N/A;N/A;N/A;N/A;N/A;N/A;N/A;N/A;N/A;N/A;N/A;N/A;N/A;N/A;N/A;N/A;N/A;N/A;N/A;N/A;N/A;N/A;N/A;N/A;N/A;N/A;N/A;N/A;N/A;N/A;N/A;N/A;N/A;N/A;N/A;N/A;N/A;N/A;N/A;N/A;N/A;N/A;N/A;N/A;N/A;N/A;N/A;N/A;N/A;N/A;N/A;N/A;N/A;N/A;N/A;N/A;N/A;N/A;N/A;N/A;N/A;N/A;N/A;N/A;N/A;N/A;N/A;N/A;N/A;N/A;N/A;N/A;N/A;N/A;N/A;N/A;;0;611.3;0;0;;Disabled;TempStop;2;740;468;475.7;0;0;599.9;549.9;Enabled;PosOk;2;0;0;7.6;0;0;15;Disabled;0;0;0;0;0;0;0;0;0;0;0;0;0;0;0;0;0;0;0;0;0;0;0;0;0;0;0;0;0;0;0;0;0;0;0;0;0;0;0;0;0;0;0;0;0;0;0;0;0;0;0;0;0;0;0;0;0;0;0;0;0;0;0;0;0;0;0;0;0;0;30;30;20;45;30;30;20;45;30;30;20;45;30;30;20;45;200;124;100;300;200;122;100;300;200;117;100;300;200;118;100;300;30;31;20;45;30;30;20;45;30;31;20;45;30;29;20;45;200;123;100;300;200;122;100;300;200;130;100;300;200;130;100;300;4;2;0.4;6;4;5;0.4;6;4;2;0.4;6;4;5;0.4;6;4;2;0.4;6;4;6;0.4;6;4;2;0.4;6;4;6;0.4;6;NOK;NOK;OK;8000;8016;7500;9000;OK;8.91;0;8;12;NOK;N/A;2.04;N/A;N/A;N/A;9;10.8;6;15;OK;;0;0;0;-;Disabled;TempOk;2;230;204.2;176.2;0;0;349.9;441064700 vw 001;441064700 vw 001;441064700 VW 001